{
  "aggregate": {
    "accuracy_mean": 0.6533717895893421,
    "accuracy_std": 0.011426473527983821,
    "confusion_matrix_sum": [
      [
        3836,
        3062,
        65
      ],
      [
        2684,
        13343,
        2624
      ],
      [
        387,
        3797,
        6607
      ]
    ],
    "labels": [
      2,
      3,
      4
    ],
    "macro_f1_mean": 0.6325801512182957,
    "macro_f1_std": 0.012248654448666962,
    "precision_macro_mean": 0.642372479589045,
    "precision_macro_std": 0.012296455884566954,
    "recall_macro_mean": 0.6261988869940799,
    "recall_macro_std": 0.012364038917948508
  },
  "algorithm": "random_forest",
  "checkpoint": {
    "checkpoint_dir": "experiments/bc_random_forest/checkpoints/1b5f99e039e5d2fd",
    "completed_folds": 15,
    "signature_id": "1b5f99e039e5d2fd",
    "total_folds": 15
  },
  "folds": [
    {
      "accuracy": 0.6489493201483313,
      "algorithm": "random_forest",
      "confusion_matrix": [
        [
          246,
          214,
          5
        ],
        [
          161,
          887,
          195
        ],
        [
          33,
          244,
          442
        ]
      ],
      "elapsed_seconds": 85.023,
      "fold_id": "r1_f1",
      "inner_best_macro_f1": 0.6311095491205897,
      "labels": [
        2,
        3,
        4
      ],
      "macro_f1": 0.6262134084413101,
      "model_id": "bc_random_forest",
      "n_test": 2427,
      "n_train": 9708,
      "outer_fold": 1,
      "precision_macro": 0.6356813277478253,
      "recall_macro": 0.6191236982104497,
      "repeat_seed": 1,
      "representation": "BC"
    },
    {
      "accuracy": 0.6559538524927895,
      "algorithm": "random_forest",
      "confusion_matrix": [
        [
          255,
          207,
          2
        ],
        [
          166,
          895,
          183
        ],
        [
          24,
          253,
          442
        ]
      ],
      "elapsed_seconds": 85.178,
      "fold_id": "r1_f2",
      "inner_best_macro_f1": 0.6333263131027266,
      "labels": [
        2,
        3,
        4
      ],
      "macro_f1": 0.6355144371712829,
      "model_id": "bc_random_forest",
      "n_test": 2427,
      "n_train": 9708,
      "outer_fold": 2,
      "precision_macro": 0.6461648305532032,
      "recall_macro": 0.6279216799716542,
      "repeat_seed": 1,
      "representation": "BC"
    },
    {
      "accuracy": 0.6407086938607334,
      "algorithm": "random_forest",
      "confusion_matrix": [
        [
          262,
          196,
          6
        ],
        [
          199,
          865,
          180
        ],
        [
          23,
          268,
          428
        ]
      ],
      "elapsed_seconds": 84.086,
      "fold_id": "r1_f3",
      "inner_best_macro_f1": 0.6215318979201497,
      "labels": [
        2,
        3,
        4
      ],
      "macro_f1": 0.6224233476904125,
      "model_id": "bc_random_forest",
      "n_test": 2427,
      "n_train": 9708,
      "outer_fold": 3,
      "precision_macro": 0.6297520100744141,
      "recall_macro": 0.6184213343354932,
      "repeat_seed": 1,
      "representation": "BC"
    },
    {
      "accuracy": 0.6547177585496498,
      "algorithm": "random_forest",
      "confusion_matrix": [
        [
          258,
          203,
          3
        ],
        [
          182,
          894,
          167
        ],
        [
          17,
          266,
          437
        ]
      ],
      "elapsed_seconds": 85.27,
      "fold_id": "r1_f4",
      "inner_best_macro_f1": 0.6280519634335066,
      "labels": [
        2,
        3,
        4
      ],
      "macro_f1": 0.634999350301002,
      "model_id": "bc_random_forest",
      "n_test": 2427,
      "n_train": 9708,
      "outer_fold": 4,
      "precision_macro": 0.6467972046565308,
      "recall_macro": 0.6274022007276508,
      "repeat_seed": 1,
      "representation": "BC"
    },
    {
      "accuracy": 0.6662546353522868,
      "algorithm": "random_forest",
      "confusion_matrix": [
        [
          266,
          192,
          6
        ],
        [
          178,
          906,
          159
        ],
        [
          29,
          246,
          445
        ]
      ],
      "elapsed_seconds": 84.065,
      "fold_id": "r1_f5",
      "inner_best_macro_f1": 0.6292109701202465,
      "labels": [
        2,
        3,
        4
      ],
      "macro_f1": 0.6457892041076739,
      "model_id": "bc_random_forest",
      "n_test": 2427,
      "n_train": 9708,
      "outer_fold": 5,
      "precision_macro": 0.6553277347573002,
      "recall_macro": 0.6400710517852721,
      "repeat_seed": 1,
      "representation": "BC"
    },
    {
      "accuracy": 0.646065100947672,
      "algorithm": "random_forest",
      "confusion_matrix": [
        [
          255,
          204,
          6
        ],
        [
          197,
          865,
          181
        ],
        [
          25,
          246,
          448
        ]
      ],
      "elapsed_seconds": 85.041,
      "fold_id": "r2_f1",
      "inner_best_macro_f1": 0.6276437846104019,
      "labels": [
        2,
        3,
        4
      ],
      "macro_f1": 0.6264846248417969,
      "model_id": "bc_random_forest",
      "n_test": 2427,
      "n_train": 9708,
      "outer_fold": 1,
      "precision_macro": 0.6326325609327531,
      "recall_macro": 0.6224572472672154,
      "repeat_seed": 2,
      "representation": "BC"
    },
    {
      "accuracy": 0.673259167696745,
      "algorithm": "random_forest",
      "confusion_matrix": [
        [
          268,
          192,
          4
        ],
        [
          170,
          902,
          172
        ],
        [
          23,
          232,
          464
        ]
      ],
      "elapsed_seconds": 85.435,
      "fold_id": "r2_f2",
      "inner_best_macro_f1": 0.6273000835960788,
      "labels": [
        2,
        3,
        4
      ],
      "macro_f1": 0.654753341740741,
      "model_id": "bc_random_forest",
      "n_test": 2427,
      "n_train": 9708,
      "outer_fold": 2,
      "precision_macro": 0.6621954098954227,
      "recall_macro": 0.649335781263919,
      "repeat_seed": 2,
      "representation": "BC"
    },
    {
      "accuracy": 0.6505974454058508,
      "algorithm": "random_forest",
      "confusion_matrix": [
        [
          246,
          215,
          3
        ],
        [
          165,
          911,
          168
        ],
        [
          30,
          267,
          422
        ]
      ],
      "elapsed_seconds": 85.345,
      "fold_id": "r2_f3",
      "inner_best_macro_f1": 0.6268212308401463,
      "labels": [
        2,
        3,
        4
      ],
      "macro_f1": 0.6259585874084876,
      "model_id": "bc_random_forest",
      "n_test": 2427,
      "n_train": 9708,
      "outer_fold": 3,
      "precision_macro": 0.6411476954737706,
      "recall_macro": 0.6164712709474455,
      "repeat_seed": 2,
      "representation": "BC"
    },
    {
      "accuracy": 0.6555418211784095,
      "algorithm": "random_forest",
      "confusion_matrix": [
        [
          263,
          198,
          3
        ],
        [
          195,
          878,
          170
        ],
        [
          21,
          249,
          450
        ]
      ],
      "elapsed_seconds": 85.451,
      "fold_id": "r2_f4",
      "inner_best_macro_f1": 0.6307952041005015,
      "labels": [
        2,
        3,
        4
      ],
      "macro_f1": 0.6372454569863709,
      "model_id": "bc_random_forest",
      "n_test": 2427,
      "n_train": 9708,
      "outer_fold": 4,
      "precision_macro": 0.644671149566719,
      "recall_macro": 0.6327219787129765,
      "repeat_seed": 2,
      "representation": "BC"
    },
    {
      "accuracy": 0.6481252575195715,
      "algorithm": "random_forest",