{
  "checkpoint_dir": "experiments/bc_naive_bayes/checkpoints/2ba16b4507eedcdd",
  "completed_fold_ids": [
    "r1_f1",
    "r1_f2",
    "r1_f3",
    "r1_f4",
    "r1_f5",
    "r2_f1",
    "r2_f2",
    "r2_f3",
    "r2_f4",
    "r2_f5",
    "r3_f1",
    "r3_f2",
    "r3_f3",
    "r3_f4",
    "r3_f5"
  ],
  "completed_folds": 15,
  "schema_version": 1,
  "signature": {
    "algorithm": "naive_bayes",
    "bc_min_df": 10,
    "fold_ids": [
      "r1_f1",
      "r1_f2",
      "r1_f3",
      "r1_f4",
      "r1_f5",
      "r2_f1",
      "r2_f2",
      "r2_f3",
      "r2_f4",
      "r2_f5",
      "r3_f1",
      "r3_f2",
      "r3_f3",
      "r3_f4",
      "r3_f5"
    ],
    "grid": {
      "clf__alpha": [
        0.0001,
        0.00013417128354799117,
        0.00018001933328915445,
        0.00024153425010859465,
        0.0003240696035787167,
        0.0004348083467104509,
        0.0005833879397552116,
        0.0007827390868337488,
        0.0010502110796366659,
        0.0014090816855117302,
        0.0018905829836907567,
        0.002536619455757797,
        0.003403414882518307,
        0.004566405432338169,
        0.006126804780573316,
        0.008220412614574901,
        0.011029433117916125,
        0.014798331982375287,
        0.019855111964445806,
        0.026639858572587702,
        0.03574304018221048,
        0.047956895791546036,
        0.06434438263328988,
        0.08633168407011575,
        0.11583232862547103,
        0.15541372208032167,
        0.20852058572487536,
        0.2797747463288545,
        0.37537736819256035,
        0.503648633052627,
        0.6757518355386216,
        0.906664911341279,
        1.21648394902585,
        1.6321721285632738,
        2.1899062946059127,
        2.938225383971006,
        3.9422547112067905,
        5.289373746757303,
        7.096820647674745,
        9.521895354084066,
        12.775649214671128,
        17.141252532913107,
        22.998638539612063,
        30.857568527160474,
        41.40199576459216,
        55.54958913183824,
        74.53159674382277,
        100.0
      ],
      "clf__fit_prior": [
        true,
        false
      ]
    },
    "inner_splits": 3,
    "max_grid_values": null,
    "max_rows": null,
    "model_id": "bc_naive_bayes",
    "outer_splits": 5,
    "random_state": 42,
    "repeats": [
      1,
      2,
      3
    ],
    "representation": "BC",
    "schema_version": 1,
    "use_tfidf": false
  },
  "signature_id": "2ba16b4507eedcdd",
  "total_folds": 15,
  "updated_at": "2026-05-20T21:31:43.579232+00:00"
}
