{
  "aggregate": {
    "accuracy_mean": 0.5635764318088174,
    "accuracy_std": 0.009732016665892608,
    "confusion_matrix_sum": [
      [
        3805,
        2530,
        628
      ],
      [
        3935,
        9959,
        4757
      ],
      [
        675,
        3363,
        6753
      ]
    ],
    "labels": [
      2,
      3,
      4
    ],
    "macro_f1_mean": 0.5535185580213458,
    "macro_f1_std": 0.008991074908957829,
    "precision_macro_mean": 0.5456399973942895,
    "precision_macro_std": 0.008911165666734045,
    "recall_macro_mean": 0.56874351865713,
    "recall_macro_std": 0.009649295095969745
  },
  "algorithm": "naive_bayes",
  "checkpoint": {
    "checkpoint_dir": "experiments/bc_naive_bayes/checkpoints/77dbdb8ea976bfdd",
    "completed_folds": 15,
    "signature_id": "77dbdb8ea976bfdd",
    "total_folds": 15
  },
  "folds": [
    {
      "accuracy": 0.5776679027606098,
      "algorithm": "naive_bayes",
      "confusion_matrix": [
        [
          243,
          182,
          40
        ],
        [
          242,
          696,
          305
        ],
        [
          51,
          205,
          463
        ]
      ],
      "elapsed_seconds": 17.737,
      "fold_id": "r1_f1",
      "inner_best_macro_f1": 0.5568851790796253,
      "labels": [
        2,
        3,
        4
      ],
      "macro_f1": 0.5634615256029963,
      "model_id": "bc_naive_bayes",
      "n_test": 2427,
      "n_train": 9708,
      "outer_fold": 1,
      "precision_macro": 0.5563457635712717,
      "recall_macro": 0.5754887384006394,
      "repeat_seed": 1,
      "representation": "BC"
    },
    {
      "accuracy": 0.5566543057272353,
      "algorithm": "naive_bayes",
      "confusion_matrix": [
        [
          231,
          180,
          53
        ],
        [
          250,
          669,
          325
        ],
        [
          46,
          222,
          451
        ]
      ],
      "elapsed_seconds": 17.698,
      "fold_id": "r1_f2",
      "inner_best_macro_f1": 0.5571385236910683,
      "labels": [
        2,
        3,
        4
      ],
      "macro_f1": 0.5422842875923363,
      "model_id": "bc_naive_bayes",
      "n_test": 2427,
      "n_train": 9708,
      "outer_fold": 2,
      "precision_macro": 0.5356696604215964,
      "recall_macro": 0.5542954205059191,
      "repeat_seed": 1,
      "representation": "BC"
    },
    {
      "accuracy": 0.5554182117840956,
      "algorithm": "naive_bayes",
      "confusion_matrix": [
        [
          261,
          150,
          53
        ],
        [
          290,
          633,
          321
        ],
        [
          39,
          226,
          454
        ]
      ],
      "elapsed_seconds": 17.931,
      "fold_id": "r1_f3",
      "inner_best_macro_f1": 0.5532910650171136,
      "labels": [
        2,
        3,
        4
      ],
      "macro_f1": 0.5480386932290403,
      "model_id": "bc_naive_bayes",
      "n_test": 2427,
      "n_train": 9708,
      "outer_fold": 3,
      "precision_macro": 0.539345291919654,
      "recall_macro": 0.5675916629771908,
      "repeat_seed": 1,
      "representation": "BC"
    },
    {
      "accuracy": 0.554182117840956,
      "algorithm": "naive_bayes",
      "confusion_matrix": [
        [
          266,
          163,
          35
        ],
        [
          272,
          658,
          313
        ],
        [
          33,
          266,
          421
        ]
      ],
      "elapsed_seconds": 17.571,
      "fold_id": "r1_f4",
      "inner_best_macro_f1": 0.5562562206770695,
      "labels": [
        2,
        3,
        4
      ],
      "macro_f1": 0.5480989056114023,
      "model_id": "bc_naive_bayes",
      "n_test": 2427,
      "n_train": 9708,
      "outer_fold": 4,
      "precision_macro": 0.539549804293533,
      "recall_macro": 0.5624541750533512,
      "repeat_seed": 1,
      "representation": "BC"
    },
    {
      "accuracy": 0.5793160280181294,
      "algorithm": "naive_bayes",
      "confusion_matrix": [
        [
          274,
          159,
          31
        ],
        [
          259,
          678,
          306
        ],
        [
          45,
          221,
          454
        ]
      ],
      "elapsed_seconds": 17.504,
      "fold_id": "r1_f5",
      "inner_best_macro_f1": 0.5546639294953039,
      "labels": [
        2,
        3,
        4
      ],
      "macro_f1": 0.572049081019366,
      "model_id": "bc_naive_bayes",
      "n_test": 2427,
      "n_train": 9708,
      "outer_fold": 5,
      "precision_macro": 0.5629457391251645,
      "recall_macro": 0.5888424474631372,
      "repeat_seed": 1,
      "representation": "BC"
    },
    {
      "accuracy": 0.5620107128141739,
      "algorithm": "naive_bayes",
      "confusion_matrix": [
        [
          256,
          163,
          46
        ],
        [
          273,
          643,
          327
        ],
        [
          42,
          212,
          465
        ]
      ],
      "elapsed_seconds": 17.528,
      "fold_id": "r2_f1",
      "inner_best_macro_f1": 0.5523532300593895,
      "labels": [
        2,
        3,
        4
      ],
      "macro_f1": 0.5534286257992839,
      "model_id": "bc_naive_bayes",
      "n_test": 2427,
      "n_train": 9708,
      "outer_fold": 1,
      "precision_macro": 0.5449531673170606,
      "recall_macro": 0.5715220228218226,
      "repeat_seed": 2,
      "representation": "BC"
    },
    {
      "accuracy": 0.5677791512154924,
      "algorithm": "naive_bayes",
      "confusion_matrix": [
        [
          270,
          147,
          47
        ],
        [
          257,
          663,
          324
        ],
        [
          46,
          228,
          445
        ]
      ],
      "elapsed_seconds": 17.581,
      "fold_id": "r2_f2",
      "inner_best_macro_f1": 0.5499798626390667,
      "labels": [
        2,
        3,
        4
      ],
      "macro_f1": 0.5605355603629343,
      "model_id": "bc_naive_bayes",
      "n_test": 2427,
      "n_train": 9708,
      "outer_fold": 2,
      "precision_macro": 0.5517585498119998,
      "recall_macro": 0.5779233036751393,
      "repeat_seed": 2,
      "representation": "BC"
    },
    {
      "accuracy": 0.5673671199011124,
      "algorithm": "naive_bayes",
      "confusion_matrix": [
        [
          254,
          180,
          30
        ],
        [
          245,
          703,
          296
        ],
        [
          55,
          244,
          420
        ]
      ],
      "elapsed_seconds": 17.638,
      "fold_id": "r2_f3",
      "inner_best_macro_f1": 0.5537828675978317,
      "labels": [
        2,
        3,
        4
      ],
      "macro_f1": 0.5551317520101388,
      "model_id": "bc_naive_bayes",
      "n_test": 2427,
      "n_train": 9708,
      "outer_fold": 3,
      "precision_macro": 0.5484221274130321,
      "recall_macro": 0.5655569928790418,
      "repeat_seed": 2,
      "representation": "BC"
    },
    {
      "accuracy": 0.561598681499794,
      "algorithm": "naive_bayes",
      "confusion_matrix": [
        [
          248,
          180,
          36
        ],
        [
          278,
          644,
          321
        ],
        [
          39,
          210,
          471
        ]
      ],
      "elapsed_seconds": 17.869,
      "fold_id": "r2_f4",
      "inner_best_macro_f1": 0.5567237639992473,
      "labels": [
        2,
        3,
        4
      ],
      "macro_f1": 0.552068359140025,
      "model_id": "bc_naive_bayes",
      "n_test": 2427,
      "n_train": 9708,
      "outer_fold": 4,
      "precision_macro": 0.5435342057778674,
      "recall_macro": 0.568916930982082,
      "repeat_seed": 2,
      "representation": "BC"
    },
    {
      "accuracy": 0.5632468067573135,
      "algorithm": "naive_bayes",