{
  "aggregate": {
    "accuracy_mean": 0.5636313693174014,
    "accuracy_std": 0.008707793170530359,
    "confusion_matrix_sum": [
      [
        3794,
        2541,
        628
      ],
      [
        3915,
        9985,
        4751
      ],
      [
        675,
        3376,
        6740
      ]
    ],
    "labels": [
      2,
      3,
      4
    ],
    "macro_f1_mean": 0.553471019478032,
    "macro_f1_std": 0.008842353219016172,
    "precision_macro_mean": 0.545571968802985,
    "precision_macro_std": 0.008558777300838207,
    "recall_macro_mean": 0.5682794133663776,
    "recall_macro_std": 0.009485671258322831
  },
  "algorithm": "naive_bayes",
  "checkpoint": {
    "checkpoint_dir": "experiments/bc_naive_bayes/checkpoints/2ba16b4507eedcdd",
    "completed_folds": 15,
    "signature_id": "2ba16b4507eedcdd",
    "total_folds": 15
  },
  "folds": [
    {
      "accuracy": 0.5735475896168108,
      "algorithm": "naive_bayes",
      "confusion_matrix": [
        [
          244,
          181,
          40
        ],
        [
          249,
          685,
          309
        ],
        [
          56,
          200,
          463
        ]
      ],
      "elapsed_seconds": 69.579,
      "fold_id": "r1_f1",
      "inner_best_macro_f1": 0.5573900394072187,
      "labels": [
        2,
        3,
        4
      ],
      "macro_f1": 0.5598087385637908,
      "model_id": "bc_naive_bayes",
      "n_test": 2427,
      "n_train": 9708,
      "outer_fold": 1,
      "precision_macro": 0.552410202326098,
      "recall_macro": 0.573255731771401,
      "repeat_seed": 1,
      "representation": "BC"
    },
    {
      "accuracy": 0.5574783683559951,
      "algorithm": "naive_bayes",
      "confusion_matrix": [
        [
          233,
          178,
          53
        ],
        [
          251,
          668,
          325
        ],
        [
          47,
          220,
          452
        ]
      ],
      "elapsed_seconds": 69.57,
      "fold_id": "r1_f2",
      "inner_best_macro_f1": 0.5575605802767148,
      "labels": [
        2,
        3,
        4
      ],
      "macro_f1": 0.5434330036592478,
      "model_id": "bc_naive_bayes",
      "n_test": 2427,
      "n_train": 9708,
      "outer_fold": 2,
      "precision_macro": 0.5366715637384091,
      "recall_macro": 0.5559278561361959,
      "repeat_seed": 1,
      "representation": "BC"
    },
    {
      "accuracy": 0.5562422744128553,
      "algorithm": "naive_bayes",
      "confusion_matrix": [
        [
          258,
          153,
          53
        ],
        [
          284,
          643,
          317
        ],
        [
          38,
          232,
          449
        ]
      ],
      "elapsed_seconds": 69.698,
      "fold_id": "r1_f3",
      "inner_best_macro_f1": 0.5546337316288947,
      "labels": [
        2,
        3,
        4
      ],
      "macro_f1": 0.5480497209575155,
      "model_id": "bc_naive_bayes",
      "n_test": 2427,
      "n_train": 9708,
      "outer_fold": 3,
      "precision_macro": 0.5395145052531339,
      "recall_macro": 0.565797984659491,
      "repeat_seed": 1,
      "representation": "BC"
    },
    {
      "accuracy": 0.553770086526576,
      "algorithm": "naive_bayes",
      "confusion_matrix": [
        [
          266,
          163,
          35
        ],
        [
          272,
          657,
          314
        ],
        [
          33,
          266,
          421
        ]
      ],
      "elapsed_seconds": 69.449,
      "fold_id": "r1_f4",
      "inner_best_macro_f1": 0.5566645077028793,
      "labels": [
        2,
        3,
        4
      ],
      "macro_f1": 0.5477669909120807,
      "model_id": "bc_naive_bayes",
      "n_test": 2427,
      "n_train": 9708,
      "outer_fold": 4,
      "precision_macro": 0.5391916698280449,
      "recall_macro": 0.5621860066435898,
      "repeat_seed": 1,
      "representation": "BC"
    },
    {
      "accuracy": 0.5789039967037495,
      "algorithm": "naive_bayes",
      "confusion_matrix": [
        [
          275,
          158,
          31
        ],
        [
          260,
          676,
          307
        ],
        [
          45,
          221,
          454
        ]
      ],
      "elapsed_seconds": 69.481,
      "fold_id": "r1_f5",
      "inner_best_macro_f1": 0.5545900467824715,
      "labels": [
        2,
        3,
        4
      ],
      "macro_f1": 0.5718955696147257,
      "model_id": "bc_naive_bayes",
      "n_test": 2427,
      "n_train": 9708,
      "outer_fold": 5,
      "precision_macro": 0.5627095160352228,
      "recall_macro": 0.5890245014482122,
      "repeat_seed": 1,
      "representation": "BC"
    },
    {
      "accuracy": 0.5632468067573135,
      "algorithm": "naive_bayes",
      "confusion_matrix": [
        [
          250,
          172,
          43
        ],
        [
          265,
          660,
          318
        ],
        [
          40,
          222,
          457
        ]
      ],
      "elapsed_seconds": 69.699,
      "fold_id": "r2_f1",
      "inner_best_macro_f1": 0.5539266040895158,
      "labels": [
        2,
        3,
        4
      ],
      "macro_f1": 0.5531745378374023,
      "model_id": "bc_naive_bayes",
      "n_test": 2427,
      "n_train": 9708,
      "outer_fold": 1,
      "precision_macro": 0.545105371768729,
      "recall_macro": 0.5680709556278957,
      "repeat_seed": 2,
      "representation": "BC"
    },
    {
      "accuracy": 0.5673671199011124,
      "algorithm": "naive_bayes",
      "confusion_matrix": [
        [
          268,
          148,
          48
        ],
        [
          258,
          662,
          324
        ],
        [
          46,
          226,
          447
        ]
      ],
      "elapsed_seconds": 69.65,
      "fold_id": "r2_f2",
      "inner_best_macro_f1": 0.5507105569866207,
      "labels": [
        2,
        3,
        4
      ],
      "macro_f1": 0.5597835513583923,
      "model_id": "bc_naive_bayes",
      "n_test": 2427,
      "n_train": 9708,
      "outer_fold": 2,
      "precision_macro": 0.551105051105051,
      "recall_macro": 0.577145782948407,
      "repeat_seed": 2,
      "representation": "BC"
    },
    {
      "accuracy": 0.5661310259579728,
      "algorithm": "naive_bayes",
      "confusion_matrix": [
        [
          254,
          180,
          30
        ],
        [
          247,
          700,
          297
        ],
        [
          56,
          243,
          420
        ]
      ],
      "elapsed_seconds": 69.729,
      "fold_id": "r2_f3",
      "inner_best_macro_f1": 0.5544636109901536,
      "labels": [
        2,
        3,
        4
      ],
      "macro_f1": 0.5540017108578367,
      "model_id": "bc_naive_bayes",
      "n_test": 2427,
      "n_train": 9708,
      "outer_fold": 3,
      "precision_macro": 0.5471979079115089,
      "recall_macro": 0.5647531343581415,
      "repeat_seed": 2,
      "representation": "BC"
    },
    {
      "accuracy": 0.561598681499794,
      "algorithm": "naive_bayes",
      "confusion_matrix": [
        [
          248,
          180,
          36
        ],
        [
          278,
          644,
          321
        ],
        [
          38,
          211,
          471
        ]
      ],
      "elapsed_seconds": 69.991,
      "fold_id": "r2_f4",
      "inner_best_macro_f1": 0.5567960862456993,
      "labels": [
        2,
        3,
        4
      ],
      "macro_f1": 0.5521418856699556,
      "model_id": "bc_naive_bayes",
      "n_test": 2427,
      "n_train": 9708,
      "outer_fold": 4,
      "precision_macro": 0.5435930379963683,
      "recall_macro": 0.568916930982082,
      "repeat_seed": 2,
      "representation": "BC"
    },
    {
      "accuracy": 0.5644829007004533,
      "algorithm": "naive_bayes",