{
  "voting_id": "voting_top5",
  "description": "Top-5 modelos globais por macro-F1",
  "members": [
    "df_gradient_boosting",
    "df_random_forest",
    "df_decision_tree",
    "df_logistic_regression",
    "df_linear_svc"
  ],
  "n_members": 5,
  "n_folds": 15,
  "status": "ok",
  "aggregate": {
    "macro_f1_mean": 0.6931811561381067,
    "macro_f1_std": 0.007568141948809552,
    "accuracy_mean": 0.7082268919104517,
    "accuracy_std": 0.006915442528682188,
    "precision_macro_mean": 0.7099826963759421,
    "precision_macro_std": 0.006859973645193418,
    "recall_macro_mean": 0.6910003465458356,
    "recall_macro_std": 0.00876304138377057,
    "confusion_matrix_sum": [
      [
        4737,
        2176,
        50
      ],
      [
        3174,
        14279,
        1198
      ],
      [
        287,
        3737,
        6767
      ]
    ],
    "labels": [
      2,
      3,
      4
    ]
  },
  "folds": [
    {
      "fold_id": "r1_f1",
      "n_test": 2427,
      "macro_f1": 0.6978270486370555,
      "accuracy": 0.7140502678203543,
      "precision_macro": 0.7130129186889418,
      "recall_macro": 0.6959709443997698,
      "confusion_matrix": [
        [
          315,
          147,
          3
        ],
        [
          206,
          958,
          79
        ],
        [
          29,
          230,
          460
        ]
      ],
      "labels": [
        2,
        3,
        4
      ]
    },
    {
      "fold_id": "r1_f2",
      "n_test": 2427,
      "macro_f1": 0.6844621515031563,
      "accuracy": 0.6996291718170581,
      "precision_macro": 0.6973482201629905,
      "recall_macro": 0.6827413954252967,
      "confusion_matrix": [
        [
          308,
          150,
          6
        ],
        [
          216,
          935,
          93
        ],
        [
          18,
          246,
          455
        ]
      ],
      "labels": [
        2,
        3,
        4
      ]
    },
    {
      "fold_id": "r1_f3",
      "n_test": 2427,
      "macro_f1": 0.691484543924405,
      "accuracy": 0.7008652657601978,
      "precision_macro": 0.7023930863922944,
      "recall_macro": 0.6979592688037201,
      "confusion_matrix": [
        [
          340,
          122,
          2
        ],
        [
          252,
          906,
          86
        ],
        [
          16,
          248,
          455
        ]
      ],
      "labels": [
        2,
        3,
        4
      ]
    },
    {
      "fold_id": "r1_f4",
      "n_test": 2427,
      "macro_f1": 0.6941415339690651,
      "accuracy": 0.7095179233621756,
      "precision_macro": 0.7139368632021094,
      "recall_macro": 0.6909346491052318,
      "confusion_matrix": [
        [
          316,
          146,
          2
        ],
        [
          211,
          960,
          72
        ],
        [
          19,
          255,
          446
        ]
      ],
      "labels": [
        2,
        3,
        4
      ]
    },
    {
      "fold_id": "r1_f5",
      "n_test": 2427,
      "macro_f1": 0.6905617501788729,
      "accuracy": 0.707869798104656,
      "precision_macro": 0.7113170076076191,
      "recall_macro": 0.6838142897801122,
      "confusion_matrix": [
        [
          303,
          159,
          2
        ],
        [
          192,
          970,
          81
        ],
        [
          17,
          258,
          445
        ]
      ],
      "labels": [
        2,
        3,
        4
      ]
    },
    {
      "fold_id": "r2_f1",
      "n_test": 2427,
      "macro_f1": 0.6854293244098342,
      "accuracy": 0.700041203131438,
      "precision_macro": 0.6991925246470702,
      "recall_macro": 0.6841969174665529,
      "confusion_matrix": [
        [
          313,
          146,
          6
        ],
        [
          219,
          935,
          89
        ],
        [
          18,
          250,
          451
        ]
      ],
      "labels": [
        2,
        3,
        4
      ]
    },
    {
      "fold_id": "r2_f2",
      "n_test": 2427,
      "macro_f1": 0.7054215883416027,
      "accuracy": 0.7189946435929131,
      "precision_macro": 0.7194585428970393,
      "recall_macro": 0.7033248024324891,
      "confusion_matrix": [
        [
          324,
          136,
          4
        ],
        [
          197,
          962,
          85
        ],
        [
          15,
          245,
          459
        ]
      ],
      "labels": [
        2,
        3,
        4
      ]
    },
    {
      "fold_id": "r2_f3",
      "n_test": 2427,
      "macro_f1": 0.6839014996196352,
      "accuracy": 0.7021013597033374,
      "precision_macro": 0.7110821905220656,
      "recall_macro": 0.676618610055329,
      "confusion_matrix": [
        [
          303,
          159,
          2
        ],
        [
          204,
          974,
          66
        ],
        [
          16,
          276,
          427
        ]
      ],
      "labels": [
        2,
        3,
        4
      ]
    },
    {
      "fold_id": "r2_f4",
      "n_test": 2427,
      "macro_f1": 0.6913995822404001,
      "accuracy": 0.7070457354758962,
      "precision_macro": 0.7076230629921905,
      "recall_macro": 0.6887064110744306,
      "confusion_matrix": [
        [
          309,
          154,
          1
        ],
        [
          215,
          948,
          80
        ],
        [
          22,
          239,
          459
        ]
      ],
      "labels": [
        2,
        3,
        4
      ]
    },
    {
      "fold_id": "r2_f5",
      "n_test": 2427,
      "macro_f1": 0.7018074182525101,
      "accuracy": 0.7173465183353935,
      "precision_macro": 0.7197586365287786,
      "recall_macro": 0.6979171611342805,
      "confusion_matrix": [
        [
          315,
          146,
          3
        ],
        [
          202,
          968,
          73
        ],
        [
          18,
          244,
          458
        ]
      ],
      "labels": [
        2,
        3,
        4
      ]
    },
    {
      "fold_id": "r3_f1",
      "n_test": 2427,
      "macro_f1": 0.6962526215017909,
      "accuracy": 0.7095179233621756,
      "precision_macro": 0.7081204904959694,
      "recall_macro": 0.6970234252988514,
      "confusion_matrix": [
        [
          320,
          142,
          3
        ],
        [
          227,
          933,
          83
        ],
        [
          20,
          230,
          469
        ]
      ],
      "labels": [
        2,
        3,
        4
      ]
    },
    {
      "fold_id": "r3_f2",
      "n_test": 2427,
      "macro_f1": 0.7006114254902979,
      "accuracy": 0.7148743304491141,
      "precision_macro": 0.7132971708296959,
      "recall_macro": 0.6981565645194611,
      "confusion_matrix": [
        [
          315,
          144,
          5
        ],
        [
          203,
          953,
          88
        ],
        [
          14,
          238,
          467
        ]
      ],
      "labels": [
        2,
        3,
        4
      ]
    },
    {
      "fold_id": "r3_f3",
      "n_test": 2427,
      "macro_f1": 0.6977335465516177,
      "accuracy": 0.711578079934075,
      "precision_macro": 0.7154311688849019,
      "recall_macro": 0.696017278955163,
      "confusion_matrix": [
        [
          325,
          137,
          2
        ],
        [
          208,
          958,
          78
        ],
        [
          17,
          258,
          444
        ]
      ],
      "labels": [
        2,
        3,
        4
      ]
    },
    {
      "fold_id": "r3_f4",
      "n_test": 2427,
      "macro_f1": 0.6980313704013644,
      "accuracy": 0.7128141738772147,
      "precision_macro": 0.7143560916647563,
      "recall_macro": 0.6971577873126545,
      "confusion_matrix": [
        [
          319,
          140,
          5
        ],
        [
          223,
          951,
          69
        ],
        [
          21,
          239,
          460
        ]
      ],