{
  "voting_id": "voting_top3_DF",
  "description": "Top-3 modelos DF",
  "members": [
    "df_gradient_boosting",
    "df_random_forest",
    "df_decision_tree"
  ],
  "n_members": 3,
  "n_folds": 15,
  "status": "ok",
  "aggregate": {
    "macro_f1_mean": 0.6941098260915771,
    "macro_f1_std": 0.009646221773676808,
    "accuracy_mean": 0.7080071418761159,
    "accuracy_std": 0.008829765649863448,
    "precision_macro_mean": 0.7142559095544634,
    "precision_macro_std": 0.009712969864139888,
    "recall_macro_mean": 0.6946356631874157,
    "recall_macro_std": 0.012556489747789387,
    "confusion_matrix_sum": [
      [
        4922,
        1983,
        58
      ],
      [
        3455,
        14222,
        974
      ],
      [
        301,
        3859,
        6631
      ]
    ],
    "labels": [
      2,
      3,
      4
    ]
  },
  "folds": [
    {
      "fold_id": "r1_f1",
      "n_test": 2427,
      "macro_f1": 0.6999085628938261,
      "accuracy": 0.7144622991347342,
      "precision_macro": 0.7192707021232616,
      "recall_macro": 0.6996688579138274,
      "confusion_matrix": [
        [
          327,
          135,
          3
        ],
        [
          224,
          957,
          62
        ],
        [
          25,
          244,
          450
        ]
      ],
      "labels": [
        2,
        3,
        4
      ]
    },
    {
      "fold_id": "r1_f2",
      "n_test": 2427,
      "macro_f1": 0.6800223575704128,
      "accuracy": 0.6918005768438401,
      "precision_macro": 0.6933206202621122,
      "recall_macro": 0.6857807762297314,
      "confusion_matrix": [
        [
          333,
          124,
          7
        ],
        [
          254,
          907,
          83
        ],
        [
          23,
          257,
          439
        ]
      ],
      "labels": [
        2,
        3,
        4
      ]
    },
    {
      "fold_id": "r1_f3",
      "n_test": 2427,
      "macro_f1": 0.6975470013194376,
      "accuracy": 0.7049855789039967,
      "precision_macro": 0.7115849191313233,
      "recall_macro": 0.7113127842509166,
      "confusion_matrix": [
        [
          365,
          96,
          3
        ],
        [
          284,
          894,
          66
        ],
        [
          25,
          242,
          452
        ]
      ],
      "labels": [
        2,
        3,
        4
      ]
    },
    {
      "fold_id": "r1_f4",
      "n_test": 2427,
      "macro_f1": 0.6959294855911482,
      "accuracy": 0.7103419859909353,
      "precision_macro": 0.7177647482051627,
      "recall_macro": 0.6949992371071101,
      "confusion_matrix": [
        [
          326,
          135,
          3
        ],
        [
          226,
          957,
          60
        ],
        [
          20,
          259,
          441
        ]
      ],
      "labels": [
        2,
        3,
        4
      ]
    },
    {
      "fold_id": "r1_f5",
      "n_test": 2427,
      "macro_f1": 0.696336821287807,
      "accuracy": 0.7128141738772147,
      "precision_macro": 0.7185984659565122,
      "recall_macro": 0.6912184735155439,
      "confusion_matrix": [
        [
          311,
          150,
          3
        ],
        [
          208,
          971,
          64
        ],
        [
          17,
          255,
          448
        ]
      ],
      "labels": [
        2,
        3,
        4
      ]
    },
    {
      "fold_id": "r2_f1",
      "n_test": 2427,
      "macro_f1": 0.6834119769567266,
      "accuracy": 0.695920889987639,
      "precision_macro": 0.6977640701036116,
      "recall_macro": 0.6858643701662025,
      "confusion_matrix": [
        [
          324,
          134,
          7
        ],
        [
          248,
          917,
          78
        ],
        [
          17,
          254,
          448
        ]
      ],
      "labels": [
        2,
        3,
        4
      ]
    },
    {
      "fold_id": "r2_f2",
      "n_test": 2427,
      "macro_f1": 0.7096868475448613,
      "accuracy": 0.7222908941079522,
      "precision_macro": 0.7271568016053956,
      "recall_macro": 0.7113467201035387,
      "confusion_matrix": [
        [
          344,
          116,
          4
        ],
        [
          210,
          966,
          68
        ],
        [
          20,
          256,
          443
        ]
      ],
      "labels": [
        2,
        3,
        4
      ]
    },
    {
      "fold_id": "r2_f3",
      "n_test": 2427,
      "macro_f1": 0.6819821520331205,
      "accuracy": 0.7008652657601978,
      "precision_macro": 0.7157437827680003,
      "recall_macro": 0.6744269091321814,
      "confusion_matrix": [
        [
          306,
          155,
          3
        ],
        [
          211,
          982,
          51
        ],
        [
          15,
          291,
          413
        ]
      ],
      "labels": [
        2,
        3,
        4
      ]
    },
    {
      "fold_id": "r2_f4",
      "n_test": 2427,
      "macro_f1": 0.6863307136254752,
      "accuracy": 0.7008652657601978,
      "precision_macro": 0.7068913834568352,
      "recall_macro": 0.6849870513701761,
      "confusion_matrix": [
        [
          314,
          149,
          1
        ],
        [
          241,
          938,
          64
        ],
        [
          20,
          251,
          449
        ]
      ],
      "labels": [
        2,
        3,
        4
      ]
    },
    {
      "fold_id": "r2_f5",
      "n_test": 2427,
      "macro_f1": 0.7081717764906096,
      "accuracy": 0.7210548001648125,
      "precision_macro": 0.7248874753915328,
      "recall_macro": 0.7103568360853988,
      "confusion_matrix": [
        [
          339,
          121,
          4
        ],
        [
          222,
          957,
          64
        ],
        [
          23,
          243,
          454
        ]
      ],
      "labels": [
        2,
        3,
        4
      ]
    },
    {
      "fold_id": "r3_f1",
      "n_test": 2427,
      "macro_f1": 0.7022550026590121,
      "accuracy": 0.7136382365059745,
      "precision_macro": 0.7200692707786106,
      "recall_macro": 0.7058626831199278,
      "confusion_matrix": [
        [
          342,
          120,
          3
        ],
        [
          242,
          940,
          61
        ],
        [
          19,
          250,
          450
        ]
      ],
      "labels": [
        2,
        3,
        4
      ]
    },
    {
      "fold_id": "r3_f2",
      "n_test": 2427,
      "macro_f1": 0.691585592516295,
      "accuracy": 0.703749484960857,
      "precision_macro": 0.7054963284801995,
      "recall_macro": 0.6949983809228165,
      "confusion_matrix": [
        [
          331,
          126,
          7
        ],
        [
          243,
          926,
          75
        ],
        [
          18,
          250,
          451
        ]
      ],
      "labels": [
        2,
        3,
        4
      ]
    },
    {
      "fold_id": "r3_f3",
      "n_test": 2427,
      "macro_f1": 0.7039384074739433,
      "accuracy": 0.7161104243922538,
      "precision_macro": 0.7233820446440332,
      "recall_macro": 0.7054482814650346,
      "confusion_matrix": [
        [
          342,
          120,
          2
        ],
        [
          220,
          958,
          66
        ],
        [
          17,
          264,
          438
        ]
      ],
      "labels": [
        2,
        3,
        4
      ]
    },
    {
      "fold_id": "r3_f4",
      "n_test": 2427,
      "macro_f1": 0.6908222931508617,
      "accuracy": 0.7058096415327565,
      "precision_macro": 0.7135484311812575,
      "recall_macro": 0.6896163727602543,
      "confusion_matrix": [
        [
          318,
          141,
          5
        ],
        [
          243,
          948,
          52
        ],
        [
          20,
          253,
          447
        ]
      ],