{
  "aggregate": {
    "accuracy_mean": 0.7131712676830105,
    "accuracy_std": 0.009652778660705026,
    "confusion_matrix_sum": [
      [
        3831,
        3071,
        61
      ],
      [
        2199,
        15428,
        1024
      ],
      [
        187,
        3900,
        6704
      ]
    ],
    "labels": [
      2,
      3,
      4
    ],
    "macro_f1_mean": 0.6848417017617808,
    "macro_f1_std": 0.009948840997094185,
    "precision_macro_mean": 0.7221109825788367,
    "precision_macro_std": 0.010848181455696887,
    "recall_macro_mean": 0.666216565031076,
    "recall_macro_std": 0.009228220752119744
  },
  "description": "Top-3 modelos DF",
  "folds": [
    {
      "accuracy": 0.723114956736712,
      "confusion_matrix": [
        [
          253,
          207,
          5
        ],
        [
          131,
          1050,
          62
        ],
        [
          15,
          252,
          452
        ]
      ],
      "fold_id": "r1_f1",
      "labels": [
        2,
        3,
        4
      ],
      "macro_f1": 0.692979853217358,
      "n_test": 2427,
      "precision_macro": 0.7336052834676546,
      "recall_macro": 0.6724891387623152
    },
    {
      "accuracy": 0.711578079934075,
      "confusion_matrix": [
        [
          255,
          203,
          6
        ],
        [
          136,
          1031,
          77
        ],
        [
          12,
          266,
          441
        ]
      ],
      "fold_id": "r1_f2",
      "labels": [
        2,
        3,
        4
      ],
      "macro_f1": 0.6830888774312163,
      "n_test": 2427,
      "precision_macro": 0.7205635764000698,
      "recall_macro": 0.6638996593910872
    },
    {
      "accuracy": 0.7058096415327565,
      "confusion_matrix": [
        [
          268,
          193,
          3
        ],
        [
          175,
          1003,
          66
        ],
        [
          9,
          268,
          442
        ]
      ],
      "fold_id": "r1_f3",
      "labels": [
        2,
        3,
        4
      ],
      "macro_f1": 0.6815400399848431,
      "n_test": 2427,
      "precision_macro": 0.7143334297974503,
      "recall_macro": 0.6661996671838358
    },
    {
      "accuracy": 0.711578079934075,
      "confusion_matrix": [
        [
          258,
          203,
          3
        ],
        [
          157,
          1024,
          62
        ],
        [
          10,
          265,
          445
        ]
      ],
      "fold_id": "r1_f4",
      "labels": [
        2,
        3,
        4
      ],
      "macro_f1": 0.6842721275081174,
      "n_test": 2427,
      "precision_macro": 0.721978306961748,
      "recall_macro": 0.6659677977003274
    },
    {
      "accuracy": 0.7128141738772147,
      "confusion_matrix": [
        [
          243,
          215,
          6
        ],
        [
          137,
          1036,
          70
        ],
        [
          13,
          256,
          451
        ]
      ],
      "fold_id": "r1_f5",
      "labels": [
        2,
        3,
        4
      ],
      "macro_f1": 0.6812950225408559,
      "n_test": 2427,
      "precision_macro": 0.7205222046141477,
      "recall_macro": 0.6611877343262756
    },
    {
      "accuracy": 0.7086938607334158,
      "confusion_matrix": [
        [
          248,
          209,
          8
        ],
        [
          141,
          1026,
          76
        ],
        [
          11,
          262,
          446
        ]
      ],
      "fold_id": "r2_f1",
      "labels": [
        2,
        3,
        4
      ],
      "macro_f1": 0.678828950394328,
      "n_test": 2427,
      "precision_macro": 0.7156267251484101,
      "recall_macro": 0.6596872263690731
    },
    {
      "accuracy": 0.7247630819942316,
      "confusion_matrix": [
        [
          260,
          201,
          3
        ],
        [
          130,
          1043,
          71
        ],
        [
          11,
          252,
          456
        ]
      ],
      "fold_id": "r2_f2",
      "labels": [
        2,
        3,
        4
      ],
      "macro_f1": 0.6975513617650516,
      "n_test": 2427,
      "precision_macro": 0.7353163080762091,
      "recall_macro": 0.6776611504184001
    },
    {
      "accuracy": 0.7070457354758962,
      "confusion_matrix": [
        [
          266,
          194,
          4
        ],
        [
          155,
          1027,
          62
        ],
        [
          10,
          286,
          423
        ]
      ],
      "fold_id": "r2_f3",
      "labels": [
        2,
        3,
        4
      ],
      "macro_f1": 0.6804607066604289,
      "n_test": 2427,
      "precision_macro": 0.7212288150704579,
      "recall_macro": 0.6623852233755936
    },
    {
      "accuracy": 0.7012772970745776,
      "confusion_matrix": [
        [
          243,
          220,
          1
        ],
        [
          159,
          1004,
          80
        ],
        [
          16,
          249,
          455
        ]
      ],
      "fold_id": "r2_f4",
      "labels": [
        2,
        3,
        4
      ],
      "macro_f1": 0.6716217447646207,
      "n_test": 2427,
      "precision_macro": 0.7039408274569295,
      "recall_macro": 0.6544581970657649
    },
    {
      "accuracy": 0.7272352698805109,
      "confusion_matrix": [
        [
          261,
          200,
          3
        ],
        [
          132,
          1043,
          68
        ],
        [
          15,
          244,
          461
        ]
      ],
      "fold_id": "r2_f5",
      "labels": [
        2,
        3,
        4
      ],
      "macro_f1": 0.6997160475177301,
      "n_test": 2427,
      "precision_macro": 0.7358864917148681,
      "recall_macro": 0.6806255773069932
    },
    {
      "accuracy": 0.7070457354758962,
      "confusion_matrix": [
        [
          251,
          211,
          3
        ],
        [
          160,
          1015,
          68
        ],
        [
          17,
          252,
          450
        ]
      ],
      "fold_id": "r3_f1",
      "labels": [
        2,
        3,
        4
      ],
      "macro_f1": 0.6780019180681531,
      "n_test": 2427,
      "precision_macro": 0.7123036809471207,
      "recall_macro": 0.6607423389416333
    },
    {
      "accuracy": 0.7222908941079522,
      "confusion_matrix": [
        [
          249,
          209,
          6
        ],
        [
          139,
          1042,
          63
        ],
        [
          8,
          249,
          462
        ]
      ],
      "fold_id": "r3_f2",
      "labels": [
        2,
        3,
        4
      ],
      "macro_f1": 0.6925816620335842,
      "n_test": 2427,
      "precision_macro": 0.7311703475432288,
      "recall_macro": 0.6722725398958146
    },
    {
      "accuracy": 0.7169344870210136,
      "confusion_matrix": [
        [
          253,
          209,
          2
        ],
        [
          132,
          1046,
          66
        ],
        [
          12,
          266,
          441
        ]
      ],
      "fold_id": "r3_f3",
      "labels": [
        2,
        3,
        4
      ],
      "macro_f1": 0.6875100460130423,
      "n_test": 2427,
      "precision_macro": 0.7304632563470858,
      "recall_macro": 0.6664821703863933
    },
    {
      "accuracy": 0.7235269880510918,
      "confusion_matrix": [
        [
          266,
          195,
          3
        ],
        [
          153,
          1028,
          62
        ],
        [
          10,
          248,
          462
        ]
      ],
      "fold_id": "r3_f4",
      "labels": [
        2,
        3,
        4
      ],
      "macro_f1": 0.6980921518542802,
      "n_test": 2427,
      "precision_macro": 0.7318504283973307,
      "recall_macro": 0.6806579681465248
    },
    {
      "accuracy": 0.6938607334157396,