{
  "aggregate": {
    "accuracy_mean": 0.6281280043950006,
    "accuracy_std": 0.01098539230639312,
    "confusion_matrix_sum": [
      [
        3968,
        2851,
        144
      ],
      [
        3502,
        11573,
        3576
      ],
      [
        526,
        2939,
        7326
      ]
    ],
    "labels": [
      2,
      3,
      4
    ],
    "macro_f1_mean": 0.6146700143891431,
    "macro_f1_std": 0.011812846458370057,
    "precision_macro_mean": 0.6087626179607167,
    "precision_macro_std": 0.011505616467240949,
    "recall_macro_mean": 0.6230946393180578,
    "recall_macro_std": 0.012477601960186725
  },
  "algorithm": "linear_svc",
  "checkpoint": {
    "checkpoint_dir": "experiments/bc_linear_svc/checkpoints/65eea8db1223c439",
    "completed_folds": 15,
    "signature_id": "65eea8db1223c439",
    "total_folds": 15
  },
  "folds": [
    {
      "accuracy": 0.6419447878038731,
      "algorithm": "linear_svc",
      "confusion_matrix": [
        [
          270,
          186,
          9
        ],
        [
          202,
          796,
          245
        ],
        [
          41,
          186,
          492
        ]
      ],
      "elapsed_seconds": 2685.687,
      "fold_id": "r1_f1",
      "inner_best_macro_f1": 0.6014605260262629,
      "labels": [
        2,
        3,
        4
      ],
      "macro_f1": 0.6280421735996959,
      "model_id": "bc_linear_svc",
      "n_test": 2427,
      "n_train": 9708,
      "outer_fold": 1,
      "precision_macro": 0.6224466883540704,
      "recall_macro": 0.6351050170665148,
      "repeat_seed": 1,
      "representation": "BC"
    },
    {
      "accuracy": 0.6266996291718171,
      "algorithm": "linear_svc",
      "confusion_matrix": [
        [
          250,
          208,
          6
        ],
        [
          223,
          764,
          257
        ],
        [
          31,
          181,
          507
        ]
      ],
      "elapsed_seconds": 2417.631,
      "fold_id": "r1_f2",
      "inner_best_macro_f1": 0.6091733638658008,
      "labels": [
        2,
        3,
        4
      ],
      "macro_f1": 0.6116621257771656,
      "model_id": "bc_linear_svc",
      "n_test": 2427,
      "n_train": 9708,
      "outer_fold": 2,
      "precision_macro": 0.6056975195309975,
      "recall_macro": 0.6193623498591522,
      "repeat_seed": 1,
      "representation": "BC"
    },
    {
      "accuracy": 0.6279357231149567,
      "algorithm": "linear_svc",
      "confusion_matrix": [
        [
          274,
          179,
          11
        ],
        [
          257,
          763,
          224
        ],
        [
          38,
          194,
          487
        ]
      ],
      "elapsed_seconds": 2284.663,
      "fold_id": "r1_f3",
      "inner_best_macro_f1": 0.6051117640788544,
      "labels": [
        2,
        3,
        4
      ],
      "macro_f1": 0.6158632261942816,
      "model_id": "bc_linear_svc",
      "n_test": 2427,
      "n_train": 9708,
      "outer_fold": 3,
      "precision_macro": 0.6092389126565007,
      "recall_macro": 0.627063639101566,
      "repeat_seed": 1,
      "representation": "BC"
    },
    {
      "accuracy": 0.6250515039142975,
      "algorithm": "linear_svc",
      "confusion_matrix": [
        [
          279,
          177,
          8
        ],
        [
          245,
          770,
          228
        ],
        [
          27,
          225,
          468
        ]
      ],
      "elapsed_seconds": 11964.166,
      "fold_id": "r1_f4",
      "inner_best_macro_f1": 0.6086670116412626,
      "labels": [
        2,
        3,
        4
      ],
      "macro_f1": 0.614912741596029,
      "model_id": "bc_linear_svc",
      "n_test": 2427,
      "n_train": 9708,
      "outer_fold": 4,
      "precision_macro": 0.6093738004725938,
      "recall_macro": 0.6235873766656495,
      "repeat_seed": 1,
      "representation": "BC"
    },
    {
      "accuracy": 0.6398846312319736,
      "algorithm": "linear_svc",
      "confusion_matrix": [
        [
          281,
          171,
          12
        ],
        [
          223,
          790,
          230
        ],
        [
          41,
          197,
          482
        ]
      ],
      "elapsed_seconds": 2177.63,
      "fold_id": "r1_f5",
      "inner_best_macro_f1": 0.6009379070727691,
      "labels": [
        2,
        3,
        4
      ],
      "macro_f1": 0.62754542856046,
      "model_id": "bc_linear_svc",
      "n_test": 2427,
      "n_train": 9708,
      "outer_fold": 5,
      "precision_macro": 0.6211842982487548,
      "recall_macro": 0.636869007951553,
      "repeat_seed": 1,
      "representation": "BC"
    },
    {
      "accuracy": 0.6073341573959621,
      "algorithm": "linear_svc",
      "confusion_matrix": [
        [
          248,
          208,
          9
        ],
        [
          241,
          744,
          258
        ],
        [
          42,
          195,
          482
        ]
      ],
      "elapsed_seconds": 13407.858,
      "fold_id": "r2_f1",
      "inner_best_macro_f1": 0.6097556683913395,
      "labels": [
        2,
        3,
        4
      ],
      "macro_f1": 0.5924206198165671,
      "model_id": "bc_linear_svc",
      "n_test": 2427,
      "n_train": 9708,
      "outer_fold": 1,
      "precision_macro": 0.5864055542496854,
      "recall_macro": 0.6007535818261137,
      "repeat_seed": 2,
      "representation": "BC"
    },
    {
      "accuracy": 0.6357643180881747,
      "algorithm": "linear_svc",
      "confusion_matrix": [
        [
          261,
          190,
          13
        ],
        [
          229,
          777,
          238
        ],
        [
          29,
          185,
          505
        ]
      ],
      "elapsed_seconds": 2300.595,
      "fold_id": "r2_f2",
      "inner_best_macro_f1": 0.6042847951373904,
      "labels": [
        2,
        3,
        4
      ],
      "macro_f1": 0.6214513993100922,
      "model_id": "bc_linear_svc",
      "n_test": 2427,
      "n_train": 9708,
      "outer_fold": 2,
      "precision_macro": 0.6151195860221631,
      "recall_macro": 0.6298208219108653,
      "repeat_seed": 2,
      "representation": "BC"
    },
    {
      "accuracy": 0.6246394725999176,
      "algorithm": "linear_svc",
      "confusion_matrix": [
        [
          260,
          190,
          14
        ],
        [
          219,
          780,
          245
        ],
        [
          42,
          201,
          476
        ]
      ],
      "elapsed_seconds": 11848.083,
      "fold_id": "r2_f3",
      "inner_best_macro_f1": 0.597720788217405,
      "labels": [
        2,
        3,
        4
      ],
      "macro_f1": 0.6095423480729111,
      "model_id": "bc_linear_svc",
      "n_test": 2427,
      "n_train": 9708,
      "outer_fold": 3,
      "precision_macro": 0.6042522358035946,
      "recall_macro": 0.6164616906471029,
      "repeat_seed": 2,
      "representation": "BC"
    },
    {
      "accuracy": 0.6102183765966214,
      "algorithm": "linear_svc",
      "confusion_matrix": [
        [
          250,
          208,
          6
        ],
        [
          261,
          739,
          243
        ],
        [
          37,
          191,
          492
        ]
      ],
      "elapsed_seconds": 2322.401,
      "fold_id": "r2_f4",
      "inner_best_macro_f1": 0.6115559383794946,
      "labels": [
        2,
        3,
        4
      ],
      "macro_f1": 0.5961100083092851,
      "model_id": "bc_linear_svc",
      "n_test": 2427,
      "n_train": 9708,
      "outer_fold": 4,
      "precision_macro": 0.5898522922208584,
      "recall_macro": 0.605551933740826,
      "repeat_seed": 2,
      "representation": "BC"
    },
    {
      "accuracy": 0.6349402554594149,
      "algorithm": "linear_svc",