{
  "aggregate": {
    "accuracy_mean": 0.6211784095591266,
    "accuracy_std": 0.009468783384942234,
    "confusion_matrix_sum": [
      [
        5691,
        1196,
        76
      ],
      [
        5460,
        9400,
        3791
      ],
      [
        958,
        2310,
        7523
      ]
    ],
    "labels": [
      2,
      3,
      4
    ],
    "macro_f1_mean": 0.6235789884729325,
    "macro_f1_std": 0.00963440916346044,
    "precision_macro_mean": 0.619650594819739,
    "precision_macro_std": 0.009344710158964058,
    "recall_macro_mean": 0.672825935705626,
    "recall_macro_std": 0.01128196340063631
  },
  "algorithm": "logistic_regression",
  "checkpoint": {
    "checkpoint_dir": "experiments/bc_logistic_regression/checkpoints/83501683241868da",
    "completed_folds": 15,
    "signature_id": "83501683241868da",
    "total_folds": 15
  },
  "folds": [
    {
      "accuracy": 0.630407911001236,
      "algorithm": "logistic_regression",
      "confusion_matrix": [
        [
          374,
          85,
          6
        ],
        [
          331,
          662,
          250
        ],
        [
          75,
          150,
          494
        ]
      ],
      "elapsed_seconds": 16348.89,
      "fold_id": "r1_f1",
      "inner_best_macro_f1": 0.6072878082899617,
      "labels": [
        2,
        3,
        4
      ],
      "macro_f1": 0.6306870577726228,
      "model_id": "bc_logistic_regression",
      "n_test": 2427,
      "n_train": 9708,
      "outer_fold": 1,
      "precision_macro": 0.625389817911557,
      "recall_macro": 0.6746496352074246,
      "repeat_seed": 1,
      "representation": "BC"
    },
    {
      "accuracy": 0.6118665018541409,
      "algorithm": "logistic_regression",
      "confusion_matrix": [
        [
          371,
          87,
          6
        ],
        [
          374,
          602,
          268
        ],
        [
          60,
          147,
          512
        ]
      ],
      "elapsed_seconds": 16588.41,
      "fold_id": "r1_f2",
      "inner_best_macro_f1": 0.6061433529563555,
      "labels": [
        2,
        3,
        4
      ],
      "macro_f1": 0.6146523989629712,
      "model_id": "bc_logistic_regression",
      "n_test": 2427,
      "n_train": 9708,
      "outer_fold": 2,
      "precision_macro": 0.6107882500304811,
      "recall_macro": 0.6651973113937645,
      "repeat_seed": 1,
      "representation": "BC"
    },
    {
      "accuracy": 0.619283065512979,
      "algorithm": "logistic_regression",
      "confusion_matrix": [
        [
          378,
          78,
          8
        ],
        [
          369,
          630,
          245
        ],
        [
          67,
          157,
          495
        ]
      ],
      "elapsed_seconds": 15963.069,
      "fold_id": "r1_f3",
      "inner_best_macro_f1": 0.6066717062980814,
      "labels": [
        2,
        3,
        4
      ],
      "macro_f1": 0.6212784887831617,
      "model_id": "bc_logistic_regression",
      "n_test": 2427,
      "n_train": 9708,
      "outer_fold": 3,
      "precision_macro": 0.6181539565592608,
      "recall_macro": 0.6698474099108651,
      "repeat_seed": 1,
      "representation": "BC"
    },
    {
      "accuracy": 0.6163988463123198,
      "algorithm": "logistic_regression",
      "confusion_matrix": [
        [
          389,
          72,
          3
        ],
        [
          387,
          609,
          247
        ],
        [
          56,
          166,
          498
        ]
      ],
      "elapsed_seconds": 16277.106,
      "fold_id": "r1_f4",
      "inner_best_macro_f1": 0.6108138968867628,
      "labels": [
        2,
        3,
        4
      ],
      "macro_f1": 0.6205192920113167,
      "model_id": "bc_logistic_regression",
      "n_test": 2427,
      "n_train": 9708,
      "outer_fold": 4,
      "precision_macro": 0.6174439141518019,
      "recall_macro": 0.6733241400887113,
      "repeat_seed": 1,
      "representation": "BC"
    },
    {
      "accuracy": 0.6242274412855378,
      "algorithm": "logistic_regression",
      "confusion_matrix": [
        [
          389,
          70,
          5
        ],
        [
          363,
          631,
          249
        ],
        [
          63,
          162,
          495
        ]
      ],
      "elapsed_seconds": 13537.515,
      "fold_id": "r1_f5",
      "inner_best_macro_f1": 0.6069492727395052,
      "labels": [
        2,
        3,
        4
      ],
      "macro_f1": 0.6271519442537853,
      "model_id": "bc_logistic_regression",
      "n_test": 2427,
      "n_train": 9708,
      "outer_fold": 5,
      "precision_macro": 0.6231173748112929,
      "recall_macro": 0.6778349562145717,
      "repeat_seed": 1,
      "representation": "BC"
    },
    {
      "accuracy": 0.6098063452822414,
      "algorithm": "logistic_regression",
      "confusion_matrix": [
        [
          367,
          93,
          5
        ],
        [
          366,
          607,
          270
        ],
        [
          72,
          141,
          506
        ]
      ],
      "elapsed_seconds": 16312.348,
      "fold_id": "r2_f1",
      "inner_best_macro_f1": 0.6143920840216053,
      "labels": [
        2,
        3,
        4
      ],
      "macro_f1": 0.6117176706078725,
      "model_id": "bc_logistic_regression",
      "n_test": 2427,
      "n_train": 9708,
      "outer_fold": 1,
      "precision_macro": 0.6085159182706573,
      "recall_macro": 0.6604457338601765,
      "repeat_seed": 2,
      "representation": "BC"
    },
    {
      "accuracy": 0.6287597857437165,
      "algorithm": "logistic_regression",
      "confusion_matrix": [
        [
          386,
          73,
          5
        ],
        [
          355,
          625,
          264
        ],
        [
          50,
          154,
          515
        ]
      ],
      "elapsed_seconds": 16136.187,
      "fold_id": "r2_f2",
      "inner_best_macro_f1": 0.5998445377178914,
      "labels": [
        2,
        3,
        4
      ],
      "macro_f1": 0.6322698541834112,
      "model_id": "bc_logistic_regression",
      "n_test": 2427,
      "n_train": 9708,
      "outer_fold": 2,
      "precision_macro": 0.626148572146462,
      "recall_macro": 0.6835269093737771,
      "repeat_seed": 2,
      "representation": "BC"
    },
    {
      "accuracy": 0.6213432220848785,
      "algorithm": "logistic_regression",
      "confusion_matrix": [
        [
          390,
          69,
          5
        ],
        [
          345,
          642,
          257
        ],
        [
          80,
          163,
          476
        ]
      ],
      "elapsed_seconds": 14138.202,
      "fold_id": "r2_f3",
      "inner_best_macro_f1": 0.603678358226703,
      "labels": [
        2,
        3,
        4
      ],
      "macro_f1": 0.6231603776537545,
      "model_id": "bc_logistic_regression",
      "n_test": 2427,
      "n_train": 9708,
      "outer_fold": 3,
      "precision_macro": 0.6193559443233896,
      "recall_macro": 0.6728750032833893,
      "repeat_seed": 2,
      "representation": "BC"
    },
    {
      "accuracy": 0.6221672847136382,
      "algorithm": "logistic_regression",
      "confusion_matrix": [
        [
          371,
          90,
          3
        ],
        [
          376,
          622,
          245
        ],
        [
          60,
          143,
          517
        ]
      ],
      "elapsed_seconds": 16406.418,
      "fold_id": "r2_f4",
      "inner_best_macro_f1": 0.6125810951242722,
      "labels": [
        2,
        3,
        4
      ],
      "macro_f1": 0.6243447494559478,
      "model_id": "bc_logistic_regression",
      "n_test": 2427,
      "n_train": 9708,
      "outer_fold": 4,
      "precision_macro": 0.6210099196529848,
      "recall_macro": 0.6726755912291463,
      "repeat_seed": 2,
      "representation": "BC"
    },
    {
      "accuracy": 0.611454470539761,
      "algorithm": "logistic_regression",