{
  "voting_id": "voting_top7",
  "description": "Top-7 modelos globais por macro-F1",
  "members": [
    "df_gradient_boosting",
    "df_random_forest",
    "df_decision_tree",
    "df_logistic_regression",
    "df_linear_svc",
    "bc_gradient_boosting",
    "bc_random_forest"
  ],
  "n_members": 7,
  "n_folds": 15,
  "status": "ok",
  "aggregate": {
    "macro_f1_mean": 0.6936151652708552,
    "macro_f1_std": 0.008515076599153279,
    "accuracy_mean": 0.7070732042301882,
    "accuracy_std": 0.00800545392801333,
    "precision_macro_mean": 0.7054589752736911,
    "precision_macro_std": 0.008995801767816827,
    "recall_macro_mean": 0.6938871215849457,
    "recall_macro_std": 0.009590057415499162,
    "confusion_matrix_sum": [
      [
        4791,
        2130,
        42
      ],
      [
        3241,
        14028,
        1382
      ],
      [
        296,
        3573,
        6922
      ]
    ],
    "labels": [
      2,
      3,
      4
    ]
  },
  "folds": [
    {
      "fold_id": "r1_f1",
      "n_test": 2427,
      "macro_f1": 0.6934540277132571,
      "accuracy": 0.7066337041615163,
      "precision_macro": 0.700155690412779,
      "recall_macro": 0.6970785941905074,
      "confusion_matrix": [
        [
          323,
          140,
          2
        ],
        [
          218,
          920,
          105
        ],
        [
          32,
          215,
          472
        ]
      ],
      "labels": [
        2,
        3,
        4
      ]
    },
    {
      "fold_id": "r1_f2",
      "n_test": 2427,
      "macro_f1": 0.6803613117467716,
      "accuracy": 0.6950968273588792,
      "precision_macro": 0.6893723539758626,
      "recall_macro": 0.6799487025356196,
      "confusion_matrix": [
        [
          304,
          153,
          7
        ],
        [
          221,
          918,
          105
        ],
        [
          18,
          236,
          465
        ]
      ],
      "labels": [
        2,
        3,
        4
      ]
    },
    {
      "fold_id": "r1_f3",
      "n_test": 2427,
      "macro_f1": 0.6959081160762558,
      "accuracy": 0.7045735475896168,
      "precision_macro": 0.7020121945509624,
      "recall_macro": 0.7042065306112377,
      "confusion_matrix": [
        [
          342,
          120,
          2
        ],
        [
          248,
          898,
          98
        ],
        [
          18,
          231,
          470
        ]
      ],
      "labels": [
        2,
        3,
        4
      ]
    },
    {
      "fold_id": "r1_f4",
      "n_test": 2427,
      "macro_f1": 0.693450414688361,
      "accuracy": 0.7070457354758962,
      "precision_macro": 0.708188438511927,
      "recall_macro": 0.6924294568099878,
      "confusion_matrix": [
        [
          319,
          143,
          2
        ],
        [
          217,
          942,
          84
        ],
        [
          17,
          248,
          455
        ]
      ],
      "labels": [
        2,
        3,
        4
      ]
    },
    {
      "fold_id": "r1_f5",
      "n_test": 2427,
      "macro_f1": 0.6934159183783558,
      "accuracy": 0.7099299546765554,
      "precision_macro": 0.7100845997315939,
      "recall_macro": 0.6884537445454443,
      "confusion_matrix": [
        [
          306,
          155,
          3
        ],
        [
          194,
          962,
          87
        ],
        [
          19,
          246,
          455
        ]
      ],
      "labels": [
        2,
        3,
        4
      ]
    },
    {
      "fold_id": "r2_f1",
      "n_test": 2427,
      "macro_f1": 0.6872845528709499,
      "accuracy": 0.6996291718170581,
      "precision_macro": 0.6959844283869879,
      "recall_macro": 0.6900588686748533,
      "confusion_matrix": [
        [
          321,
          138,
          6
        ],
        [
          233,
          913,
          97
        ],
        [
          19,
          236,
          464
        ]
      ],
      "labels": [
        2,
        3,
        4
      ]
    },
    {
      "fold_id": "r2_f2",
      "n_test": 2427,
      "macro_f1": 0.7021442243383902,
      "accuracy": 0.7148743304491141,
      "precision_macro": 0.7101021595950806,
      "recall_macro": 0.7036392142678443,
      "confusion_matrix": [
        [
          325,
          134,
          5
        ],
        [
          207,
          938,
          99
        ],
        [
          20,
          227,
          472
        ]
      ],
      "labels": [
        2,
        3,
        4
      ]
    },
    {
      "fold_id": "r2_f3",
      "n_test": 2427,
      "macro_f1": 0.6899410495928723,
      "accuracy": 0.7049855789039967,
      "precision_macro": 0.7101677933889974,
      "recall_macro": 0.6856012917765991,
      "confusion_matrix": [
        [
          314,
          148,
          2
        ],
        [
          206,
          959,
          79
        ],
        [
          13,
          268,
          438
        ]
      ],
      "labels": [
        2,
        3,
        4
      ]
    },
    {
      "fold_id": "r2_f4",
      "n_test": 2427,
      "macro_f1": 0.6867969563036921,
      "accuracy": 0.7008652657601978,
      "precision_macro": 0.6985315681284279,
      "recall_macro": 0.6863635079304901,
      "confusion_matrix": [
        [
          311,
          152,
          1
        ],
        [
          221,
          927,
          95
        ],
        [
          21,
          236,
          463
        ]
      ],
      "labels": [
        2,
        3,
        4
      ]
    },
    {
      "fold_id": "r2_f5",
      "n_test": 2427,
      "macro_f1": 0.7009880615538476,
      "accuracy": 0.7144622991347342,
      "precision_macro": 0.7130864999997838,
      "recall_macro": 0.7002996730605825,
      "confusion_matrix": [
        [
          321,
          142,
          1
        ],
        [
          206,
          947,
          90
        ],
        [
          20,
          234,
          466
        ]
      ],
      "labels": [
        2,
        3,
        4
      ]
    },
    {
      "fold_id": "r3_f1",
      "n_test": 2427,
      "macro_f1": 0.6927741699789629,
      "accuracy": 0.7049855789039967,
      "precision_macro": 0.7007982522650228,
      "recall_macro": 0.6949929644844435,
      "confusion_matrix": [
        [
          319,
          145,
          1
        ],
        [
          228,
          916,
          99
        ],
        [
          20,
          223,
          476
        ]
      ],
      "labels": [
        2,
        3,
        4
      ]
    },
    {
      "fold_id": "r3_f2",
      "n_test": 2427,
      "macro_f1": 0.7017867410200352,
      "accuracy": 0.7148743304491141,
      "precision_macro": 0.7113855364075272,
      "recall_macro": 0.7008183266377893,
      "confusion_matrix": [
        [
          317,
          142,
          5
        ],
        [
          207,
          942,
          95
        ],
        [
          12,
          231,
          476
        ]
      ],
      "labels": [
        2,
        3,
        4
      ]
    },
    {
      "fold_id": "r3_f3",
      "n_test": 2427,
      "macro_f1": 0.7042742708540949,
      "accuracy": 0.7169344870210136,
      "precision_macro": 0.7182558784118939,
      "recall_macro": 0.7041007039535296,
      "confusion_matrix": [
        [
          330,
          133,
          1
        ],
        [
          206,
          954,
          84
        ],
        [
          18,
          245,
          456
        ]
      ],
      "labels": [
        2,
        3,
        4
      ]
    },
    {
      "fold_id": "r3_f4",
      "n_test": 2427,
      "macro_f1": 0.7051456092630417,
      "accuracy": 0.7189946435929131,
      "precision_macro": 0.7199371919579011,
      "recall_macro": 0.7057689600716759,