{
  "voting_id": "voting_top5_DF",
  "description": "Top-5 modelos DF",
  "members": [
    "df_gradient_boosting",
    "df_random_forest",
    "df_decision_tree",
    "df_logistic_regression",
    "df_linear_svc"
  ],
  "n_members": 5,
  "n_folds": 15,
  "status": "ok",
  "aggregate": {
    "macro_f1_mean": 0.6938513618835936,
    "macro_f1_std": 0.008040518626967502,
    "accuracy_mean": 0.7089960170306276,
    "accuracy_std": 0.007316919564581831,
    "precision_macro_mean": 0.7103940489369709,
    "precision_macro_std": 0.00685895275425688,
    "recall_macro_mean": 0.6914843507356416,
    "recall_macro_std": 0.009244697673384998,
    "confusion_matrix_sum": [
      [
        4723,
        2190,
        50
      ],
      [
        3157,
        14290,
        1204
      ],
      [
        286,
        3707,
        6798
      ]
    ],
    "labels": [
      2,
      3,
      4
    ]
  },
  "folds": [
    {
      "fold_id": "r1_f1",
      "n_test": 2427,
      "macro_f1": 0.6981365801295191,
      "accuracy": 0.7148743304491141,
      "precision_macro": 0.7134979645330873,
      "recall_macro": 0.6955521257174082,
      "confusion_matrix": [
        [
          312,
          150,
          3
        ],
        [
          203,
          961,
          79
        ],
        [
          29,
          228,
          462
        ]
      ],
      "labels": [
        2,
        3,
        4
      ]
    },
    {
      "fold_id": "r1_f2",
      "n_test": 2427,
      "macro_f1": 0.6866076388437133,
      "accuracy": 0.7021013597033374,
      "precision_macro": 0.6997269802437617,
      "recall_macro": 0.6845447664881789,
      "confusion_matrix": [
        [
          308,
          150,
          6
        ],
        [
          212,
          940,
          92
        ],
        [
          19,
          244,
          456
        ]
      ],
      "labels": [
        2,
        3,
        4
      ]
    },
    {
      "fold_id": "r1_f3",
      "n_test": 2427,
      "macro_f1": 0.6909101189281559,
      "accuracy": 0.7004532344458179,
      "precision_macro": 0.7011979689258673,
      "recall_macro": 0.6967313101126901,
      "confusion_matrix": [
        [
          337,
          125,
          2
        ],
        [
          249,
          906,
          89
        ],
        [
          15,
          247,
          457
        ]
      ],
      "labels": [
        2,
        3,
        4
      ]
    },
    {
      "fold_id": "r1_f4",
      "n_test": 2427,
      "macro_f1": 0.6944654112259151,
      "accuracy": 0.7099299546765554,
      "precision_macro": 0.7140092435934924,
      "recall_macro": 0.6916530399098297,
      "confusion_matrix": [
        [
          317,
          145,
          2
        ],
        [
          211,
          960,
          72
        ],
        [
          21,
          253,
          446
        ]
      ],
      "labels": [
        2,
        3,
        4
      ]
    },
    {
      "fold_id": "r1_f5",
      "n_test": 2427,
      "macro_f1": 0.6917855962096461,
      "accuracy": 0.7086938607334158,
      "precision_macro": 0.7112143360027541,
      "recall_macro": 0.6853245993656429,
      "confusion_matrix": [
        [
          303,
          159,
          2
        ],
        [
          193,
          967,
          83
        ],
        [
          16,
          254,
          450
        ]
      ],
      "labels": [
        2,
        3,
        4
      ]
    },
    {
      "fold_id": "r2_f1",
      "n_test": 2427,
      "macro_f1": 0.6868576667713927,
      "accuracy": 0.7016893283889576,
      "precision_macro": 0.7001436348773998,
      "recall_macro": 0.6853494284269495,
      "confusion_matrix": [
        [
          311,
          148,
          6
        ],
        [
          218,
          936,
          89
        ],
        [
          18,
          245,
          456
        ]
      ],
      "labels": [
        2,
        3,
        4
      ]
    },
    {
      "fold_id": "r2_f2",
      "n_test": 2427,
      "macro_f1": 0.7029404603997289,
      "accuracy": 0.7169344870210136,
      "precision_macro": 0.7163881690833969,
      "recall_macro": 0.7005154644938263,
      "confusion_matrix": [
        [
          319,
          141,
          4
        ],
        [
          199,
          958,
          87
        ],
        [
          15,
          241,
          463
        ]
      ],
      "labels": [
        2,
        3,
        4
      ]
    },
    {
      "fold_id": "r2_f3",
      "n_test": 2427,
      "macro_f1": 0.6827528601433976,
      "accuracy": 0.7008652657601978,
      "precision_macro": 0.7103335755846892,
      "recall_macro": 0.6754234434922658,
      "confusion_matrix": [
        [
          303,
          159,
          2
        ],
        [
          205,
          973,
          66
        ],
        [
          15,
          279,
          425
        ]
      ],
      "labels": [
        2,
        3,
        4
      ]
    },
    {
      "fold_id": "r2_f4",
      "n_test": 2427,
      "macro_f1": 0.6901912350165529,
      "accuracy": 0.7062216728471363,
      "precision_macro": 0.706889518359775,
      "recall_macro": 0.686563979228764,
      "confusion_matrix": [
        [
          305,
          158,
          1
        ],
        [
          214,
          949,
          80
        ],
        [
          20,
          240,
          460
        ]
      ],
      "labels": [
        2,
        3,
        4
      ]
    },
    {
      "fold_id": "r2_f5",
      "n_test": 2427,
      "macro_f1": 0.7062253972516573,
      "accuracy": 0.7210548001648125,
      "precision_macro": 0.7222901837458252,
      "recall_macro": 0.7033609670091208,
      "confusion_matrix": [
        [
          320,
          141,
          3
        ],
        [
          199,
          968,
          76
        ],
        [
          19,
          239,
          462
        ]
      ],
      "labels": [
        2,
        3,
        4
      ]
    },
    {
      "fold_id": "r3_f1",
      "n_test": 2427,
      "macro_f1": 0.700420302666247,
      "accuracy": 0.7136382365059745,
      "precision_macro": 0.7121882067232539,
      "recall_macro": 0.7009355406713205,
      "confusion_matrix": [
        [
          321,
          141,
          3
        ],
        [
          224,
          938,
          81
        ],
        [
          19,
          227,
          473
        ]
      ],
      "labels": [
        2,
        3,
        4
      ]
    },
    {
      "fold_id": "r3_f2",
      "n_test": 2427,
      "macro_f1": 0.7036198374750154,
      "accuracy": 0.7173465183353935,
      "precision_macro": 0.7157468670778591,
      "recall_macro": 0.7017616874395336,
      "confusion_matrix": [
        [
          319,
          140,
          5
        ],
        [
          202,
          954,
          88
        ],
        [
          14,
          237,
          468
        ]
      ],
      "labels": [
        2,
        3,
        4
      ]
    },
    {
      "fold_id": "r3_f3",
      "n_test": 2427,
      "macro_f1": 0.6993704251250988,
      "accuracy": 0.7140502678203543,
      "precision_macro": 0.7180691543103638,
      "recall_macro": 0.6964693361251525,
      "confusion_matrix": [
        [
          322,
          140,
          2
        ],
        [
          202,
          966,
          76
        ],
        [
          18,
          256,
          445
        ]
      ],
      "labels": [
        2,
        3,
        4
      ]
    },
    {
      "fold_id": "r3_f4",
      "n_test": 2427,
      "macro_f1": 0.6947956745654925,
      "accuracy": 0.7099299546765554,
      "precision_macro": 0.7109620844907193,
      "recall_macro": 0.693869307971383,
      "confusion_matrix": [
        [
          315,
          144,
          5
        ],
        [
          228,
          946,
          69
        ],
        [
          22,
          236,
          462
        ]
      ],