{
  "aggregate": {
    "accuracy_mean": 0.7043263288009889,
    "accuracy_std": 0.009519872475870769,
    "confusion_matrix_sum": [
      [
        4468,
        2424,
        71
      ],
      [
        2928,
        14319,
        1404
      ],
      [
        278,
        3659,
        6854
      ]
    ],
    "labels": [
      2,
      3,
      4
    ],
    "macro_f1_mean": 0.6868888663091136,
    "macro_f1_std": 0.009544673323970403,
    "precision_macro_mean": 0.7024984303736996,
    "precision_macro_std": 0.010525987727434332,
    "recall_macro_mean": 0.6815250737952057,
    "recall_macro_std": 0.009275175658968916
  },
  "description": "Top-5 modelos DF",
  "folds": [
    {
      "accuracy": 0.7103419859909353,
      "confusion_matrix": [
        [
          293,
          167,
          5
        ],
        [
          191,
          966,
          86
        ],
        [
          31,
          223,
          465
        ]
      ],
      "fold_id": "r1_f1",
      "labels": [
        2,
        3,
        4
      ],
      "macro_f1": 0.6902445934125864,
      "n_test": 2427,
      "precision_macro": 0.7058841182059078,
      "recall_macro": 0.6846637166657717
    },
    {
      "accuracy": 0.6979810465595385,
      "confusion_matrix": [
        [
          284,
          172,
          8
        ],
        [
          191,
          946,
          107
        ],
        [
          15,
          240,
          464
        ]
      ],
      "fold_id": "r1_f2",
      "labels": [
        2,
        3,
        4
      ],
      "macro_f1": 0.6791556287280099,
      "n_test": 2427,
      "precision_macro": 0.692528731664309,
      "recall_macro": 0.672619959110687
    },
    {
      "accuracy": 0.6992171405026782,
      "confusion_matrix": [
        [
          307,
          154,
          3
        ],
        [
          224,
          929,
          91
        ],
        [
          12,
          246,
          461
        ]
      ],
      "fold_id": "r1_f3",
      "labels": [
        2,
        3,
        4
      ],
      "macro_f1": 0.685183668976537,
      "n_test": 2427,
      "precision_macro": 0.6983433279256582,
      "recall_macro": 0.6831969287471877
    },
    {
      "accuracy": 0.707457766790276,
      "confusion_matrix": [
        [
          305,
          156,
          3
        ],
        [
          195,
          966,
          82
        ],
        [
          13,
          261,
          446
        ]
      ],
      "fold_id": "r1_f4",
      "labels": [
        2,
        3,
        4
      ],
      "macro_f1": 0.6910365295830904,
      "n_test": 2427,
      "precision_macro": 0.7109827141955516,
      "recall_macro": 0.6846413607132252
    },
    {
      "accuracy": 0.703749484960857,
      "confusion_matrix": [
        [
          293,
          164,
          7
        ],
        [
          181,
          962,
          100
        ],
        [
          16,
          251,
          453
        ]
      ],
      "fold_id": "r1_f5",
      "labels": [
        2,
        3,
        4
      ],
      "macro_f1": 0.6854731367457765,
      "n_test": 2427,
      "precision_macro": 0.7018359813061027,
      "recall_macro": 0.6781887381597483
    },
    {
      "accuracy": 0.7004532344458179,
      "confusion_matrix": [
        [
          298,
          158,
          9
        ],
        [
          200,
          939,
          104
        ],
        [
          17,
          239,
          463
        ]
      ],
      "fold_id": "r2_f1",
      "labels": [
        2,
        3,
        4
      ],
      "macro_f1": 0.6838034669973959,
      "n_test": 2427,
      "precision_macro": 0.6951015108402396,
      "recall_macro": 0.6800801852701337
    },
    {
      "accuracy": 0.715698393077874,
      "confusion_matrix": [
        [
          307,
          150,
          7
        ],
        [
          184,
          967,
          93
        ],
        [
          19,
          237,
          463
        ]
      ],
      "fold_id": "r2_f2",
      "labels": [
        2,
        3,
        4
      ],
      "macro_f1": 0.699039273257538,
      "n_test": 2427,
      "precision_macro": 0.7128403658934479,
      "recall_macro": 0.6943063504013548
    },
    {
      "accuracy": 0.6967449526163988,
      "confusion_matrix": [
        [
          296,
          165,
          3
        ],
        [
          200,
          958,
          86
        ],
        [
          15,
          267,
          437
        ]
      ],
      "fold_id": "r2_f3",
      "labels": [
        2,
        3,
        4
      ],
      "macro_f1": 0.678866100462829,
      "n_test": 2427,
      "precision_macro": 0.6997544907530852,
      "recall_macro": 0.671938697592159
    },
    {
      "accuracy": 0.6913885455294603,
      "confusion_matrix": [
        [
          284,
          179,
          1
        ],
        [
          202,
          935,
          106
        ],
        [
          20,
          241,
          459
        ]
      ],
      "fold_id": "r2_f4",
      "labels": [
        2,
        3,
        4
      ],
      "macro_f1": 0.6730642761568782,
      "n_test": 2427,
      "precision_macro": 0.6874185953692105,
      "recall_macro": 0.6672604516325906
    },
    {
      "accuracy": 0.7103419859909353,
      "confusion_matrix": [
        [
          303,
          157,
          4
        ],
        [
          187,
          958,
          98
        ],
        [
          20,
          237,
          463
        ]
      ],
      "fold_id": "r2_f5",
      "labels": [
        2,
        3,
        4
      ],
      "macro_f1": 0.6937140422379522,
      "n_test": 2427,
      "precision_macro": 0.7073888517547671,
      "recall_macro": 0.6889296021963096
    },
    {
      "accuracy": 0.6901524515863205,
      "confusion_matrix": [
        [
          290,
          172,
          3
        ],
        [
          210,
          929,
          104
        ],
        [
          23,
          240,
          456
        ]
      ],
      "fold_id": "r3_f1",
      "labels": [
        2,
        3,
        4
      ],
      "macro_f1": 0.6724910792097317,
      "n_test": 2427,
      "precision_macro": 0.6857355379889368,
      "recall_macro": 0.6684184861177599
    },
    {
      "accuracy": 0.7198187062216729,
      "confusion_matrix": [
        [
          293,
          164,
          7
        ],
        [
          180,
          983,
          81
        ],
        [
          14,
          234,
          471
        ]
      ],
      "fold_id": "r3_f2",
      "labels": [
        2,
        3,
        4
      ],
      "macro_f1": 0.7007450211257028,
      "n_test": 2427,
      "precision_macro": 0.7186739267897527,
      "recall_macro": 0.6922449794728411
    },
    {
      "accuracy": 0.7169344870210136,
      "confusion_matrix": [
        [
          303,
          160,
          1
        ],
        [
          173,
          987,
          84
        ],
        [
          20,
          249,
          450
        ]
      ],
      "fold_id": "r3_f3",
      "labels": [
        2,
        3,
        4
      ],
      "macro_f1": 0.6988935406698564,
      "n_test": 2427,
      "precision_macro": 0.7196762164692955,
      "recall_macro": 0.690764954791006
    },
    {
      "accuracy": 0.7107540173053152,
      "confusion_matrix": [
        [
          305,
          154,
          5
        ],
        [
          214,
          943,
          86
        ],
        [
          17,
          226,
          477
        ]
      ],
      "fold_id": "r3_f4",
      "labels": [
        2,
        3,
        4
      ],
      "macro_f1": 0.6952264442325102,
      "n_test": 2427,
      "precision_macro": 0.7071975272096397,
      "recall_macro": 0.6928253391405664
    },
    {
      "accuracy": 0.6938607334157396,