{
  "aggregate": {
    "accuracy_mean": 0.6944101085015795,
    "accuracy_std": 0.010705642730483758,
    "confusion_matrix_sum": [
      [
        3931,
        2991,
        41
      ],
      [
        2342,
        14654,
        1655
      ],
      [
        208,
        3888,
        6695
      ]
    ],
    "labels": [
      2,
      3,
      4
    ],
    "macro_f1_mean": 0.6706988771688426,
    "macro_f1_std": 0.011027056608234184,
    "precision_macro_mean": 0.6951935672498065,
    "precision_macro_std": 0.012275314885518961,
    "recall_macro_mean": 0.6568936602395203,
    "recall_macro_std": 0.010602170320106507
  },
  "algorithm": "logistic_regression",
  "checkpoint": {
    "checkpoint_dir": "experiments/df_logistic_regression/checkpoints/df72634dcd8685de",
    "completed_folds": 15,
    "signature_id": "df72634dcd8685de",
    "total_folds": 15
  },
  "folds": [
    {
      "accuracy": 0.6979810465595385,
      "algorithm": "logistic_regression",
      "confusion_matrix": [
        [
          252,
          209,
          4
        ],
        [
          141,
          993,
          109
        ],
        [
          19,
          251,
          449
        ]
      ],
      "elapsed_seconds": 234.287,
      "fold_id": "r1_f1",
      "inner_best_macro_f1": 0.66908860980284,
      "labels": [
        2,
        3,
        4
      ],
      "macro_f1": 0.6707827158167312,
      "model_id": "df_logistic_regression",
      "n_test": 2427,
      "n_train": 9708,
      "outer_fold": 1,
      "precision_macro": 0.6979988322523983,
      "recall_macro": 0.6550958729436387,
      "repeat_seed": 1,
      "representation": "DF"
    },
    {
      "accuracy": 0.6918005768438401,
      "algorithm": "logistic_regression",
      "confusion_matrix": [
        [
          257,
          201,
          6
        ],
        [
          142,
          980,
          122
        ],
        [
          13,
          264,
          442
        ]
      ],
      "elapsed_seconds": 258.223,
      "fold_id": "r1_f2",
      "inner_best_macro_f1": 0.6701362714450935,
      "labels": [
        2,
        3,
        4
      ],
      "macro_f1": 0.6671521463584149,
      "model_id": "df_logistic_regression",
      "n_test": 2427,
      "n_train": 9708,
      "outer_fold": 2,
      "precision_macro": 0.6924752320999135,
      "recall_macro": 0.6521344530063587,
      "repeat_seed": 1,
      "representation": "DF"
    },
    {
      "accuracy": 0.6950968273588792,
      "algorithm": "logistic_regression",
      "confusion_matrix": [
        [
          276,
          187,
          1
        ],
        [
          179,
          957,
          108
        ],
        [
          7,
          258,
          454
        ]
      ],
      "elapsed_seconds": 308.294,
      "fold_id": "r1_f3",
      "inner_best_macro_f1": 0.6633620236781125,
      "labels": [
        2,
        3,
        4
      ],
      "macro_f1": 0.6759122169395475,
      "model_id": "df_logistic_regression",
      "n_test": 2427,
      "n_train": 9708,
      "outer_fold": 3,
      "precision_macro": 0.6954644015262822,
      "recall_macro": 0.665184245303391,
      "repeat_seed": 1,
      "representation": "DF"
    },
    {
      "accuracy": 0.700041203131438,
      "algorithm": "logistic_regression",
      "confusion_matrix": [
        [
          266,
          198,
          0
        ],
        [
          157,
          990,
          96
        ],
        [
          13,
          264,
          443
        ]
      ],
      "elapsed_seconds": 240.49,
      "fold_id": "r1_f4",
      "inner_best_macro_f1": 0.6699471647794111,
      "labels": [
        2,
        3,
        4
      ],
      "macro_f1": 0.6765127033957171,
      "model_id": "df_logistic_regression",
      "n_test": 2427,
      "n_train": 9708,
      "outer_fold": 4,
      "precision_macro": 0.7046007727528042,
      "recall_macro": 0.661671272279298,
      "repeat_seed": 1,
      "representation": "DF"
    },
    {
      "accuracy": 0.6876802637000412,
      "algorithm": "logistic_regression",
      "confusion_matrix": [
        [
          251,
          211,
          2
        ],
        [
          152,
          985,
          106
        ],
        [
          14,
          273,
          433
        ]
      ],
      "elapsed_seconds": 306.54,
      "fold_id": "r1_f5",
      "inner_best_macro_f1": 0.6718736079890245,
      "labels": [
        2,
        3,
        4
      ],
      "macro_f1": 0.6609882532750277,
      "model_id": "df_logistic_regression",
      "n_test": 2427,
      "n_train": 9708,
      "outer_fold": 5,
      "precision_macro": 0.6909374390314343,
      "recall_macro": 0.6449249385318961,
      "repeat_seed": 1,
      "representation": "DF"
    },
    {
      "accuracy": 0.6860321384425216,
      "algorithm": "logistic_regression",
      "confusion_matrix": [
        [
          264,
          196,
          5
        ],
        [
          161,
          968,
          114
        ],
        [
          14,
          272,
          433
        ]
      ],
      "elapsed_seconds": 254.506,
      "fold_id": "r2_f1",
      "inner_best_macro_f1": 0.6707951515294345,
      "labels": [
        2,
        3,
        4
      ],
      "macro_f1": 0.6626939232352563,
      "model_id": "df_logistic_regression",
      "n_test": 2427,
      "n_train": 9708,
      "outer_fold": 1,
      "precision_macro": 0.6866272466575915,
      "recall_macro": 0.649576103455135,
      "repeat_seed": 2,
      "representation": "DF"
    },
    {
      "accuracy": 0.6983930778739185,
      "algorithm": "logistic_regression",
      "confusion_matrix": [
        [
          266,
          193,
          5
        ],
        [
          153,
          970,
          121
        ],
        [
          8,
          252,
          459
        ]
      ],
      "elapsed_seconds": 245.436,
      "fold_id": "r2_f2",
      "inner_best_macro_f1": 0.6679698461404221,
      "labels": [
        2,
        3,
        4
      ],
      "macro_f1": 0.6768890845189063,
      "model_id": "df_logistic_regression",
      "n_test": 2427,
      "n_train": 9708,
      "outer_fold": 2,
      "precision_macro": 0.6976928572595607,
      "recall_macro": 0.6638017584882232,
      "repeat_seed": 2,
      "representation": "DF"
    },
    {
      "accuracy": 0.6913885455294603,
      "algorithm": "logistic_regression",
      "confusion_matrix": [
        [
          270,
          193,
          1
        ],
        [
          160,
          973,
          111
        ],
        [
          14,
          270,
          435
        ]
      ],
      "elapsed_seconds": 280.605,
      "fold_id": "r2_f3",
      "inner_best_macro_f1": 0.6708144385748875,
      "labels": [
        2,
        3,
        4
      ],
      "macro_f1": 0.6693456169473113,
      "model_id": "df_logistic_regression",
      "n_test": 2427,
      "n_train": 9708,
      "outer_fold": 3,
      "precision_macro": 0.6936438368368929,
      "recall_macro": 0.6563526155543572,
      "repeat_seed": 2,
      "representation": "DF"
    },
    {
      "accuracy": 0.6823238566131026,
      "algorithm": "logistic_regression",
      "confusion_matrix": [
        [
          255,
          208,
          1
        ],
        [
          173,
          950,
          120
        ],
        [
          18,
          251,
          451
        ]
      ],
      "elapsed_seconds": 296.641,
      "fold_id": "r2_f4",
      "inner_best_macro_f1": 0.6740757381151449,
      "labels": [
        2,
        3,
        4
      ],
      "macro_f1": 0.6583407992076723,
      "model_id": "df_logistic_regression",
      "n_test": 2427,
      "n_train": 9708,
      "outer_fold": 4,
      "precision_macro": 0.6781491549789201,
      "recall_macro": 0.6467459407419737,
      "repeat_seed": 2,
      "representation": "DF"
    },
    {
      "accuracy": 0.703749484960857,
      "algorithm": "logistic_regression",