{
  "aggregate": {
    "accuracy_mean": 0.6945749210273315,
    "accuracy_std": 0.01015550823545319,
    "confusion_matrix_sum": [
      [
        3941,
        2982,
        40
      ],
      [
        2345,
        14653,
        1653
      ],
      [
        204,
        3895,
        6692
      ]
    ],
    "labels": [
      2,
      3,
      4
    ],
    "macro_f1_mean": 0.6710254511090173,
    "macro_f1_std": 0.010238847545163526,
    "precision_macro_mean": 0.6954945632232578,
    "precision_macro_std": 0.011438561063553409,
    "recall_macro_mean": 0.6572622175550908,
    "recall_macro_std": 0.00982931878501189
  },
  "algorithm": "logistic_regression",
  "checkpoint": {
    "checkpoint_dir": "experiments/df_logistic_regression/checkpoints/c3d417feaab8bd50",
    "completed_folds": 15,
    "signature_id": "c3d417feaab8bd50",
    "total_folds": 15
  },
  "folds": [
    {
      "accuracy": 0.6979810465595385,
      "algorithm": "logistic_regression",
      "confusion_matrix": [
        [
          252,
          209,
          4
        ],
        [
          141,
          993,
          109
        ],
        [
          19,
          251,
          449
        ]
      ],
      "elapsed_seconds": 795.452,
      "fold_id": "r1_f1",
      "inner_best_macro_f1": 0.66908860980284,
      "labels": [
        2,
        3,
        4
      ],
      "macro_f1": 0.6707827158167312,
      "model_id": "df_logistic_regression",
      "n_test": 2427,
      "n_train": 9708,
      "outer_fold": 1,
      "precision_macro": 0.6979988322523983,
      "recall_macro": 0.6550958729436387,
      "repeat_seed": 1,
      "representation": "DF"
    },
    {
      "accuracy": 0.6918005768438401,
      "algorithm": "logistic_regression",
      "confusion_matrix": [
        [
          257,
          201,
          6
        ],
        [
          142,
          980,
          122
        ],
        [
          13,
          264,
          442
        ]
      ],
      "elapsed_seconds": 861.567,
      "fold_id": "r1_f2",
      "inner_best_macro_f1": 0.6701362714450935,
      "labels": [
        2,
        3,
        4
      ],
      "macro_f1": 0.6671521463584149,
      "model_id": "df_logistic_regression",
      "n_test": 2427,
      "n_train": 9708,
      "outer_fold": 2,
      "precision_macro": 0.6924752320999135,
      "recall_macro": 0.6521344530063587,
      "repeat_seed": 1,
      "representation": "DF"
    },
    {
      "accuracy": 0.6893283889575608,
      "algorithm": "logistic_regression",
      "confusion_matrix": [
        [
          277,
          185,
          2
        ],
        [
          183,
          940,
          121
        ],
        [
          7,
          256,
          456
        ]
      ],
      "elapsed_seconds": 1171.243,
      "fold_id": "r1_f3",
      "inner_best_macro_f1": 0.6638586261740299,
      "labels": [
        2,
        3,
        4
      ],
      "macro_f1": 0.6712896556454604,
      "model_id": "df_logistic_regression",
      "n_test": 2427,
      "n_train": 9708,
      "outer_fold": 3,
      "precision_macro": 0.6871262341233555,
      "recall_macro": 0.66227465154565,
      "repeat_seed": 1,
      "representation": "DF"
    },
    {
      "accuracy": 0.700041203131438,
      "algorithm": "logistic_regression",
      "confusion_matrix": [
        [
          266,
          198,
          0
        ],
        [
          157,
          990,
          96
        ],
        [
          13,
          264,
          443
        ]
      ],
      "elapsed_seconds": 889.994,
      "fold_id": "r1_f4",
      "inner_best_macro_f1": 0.6699471647794111,
      "labels": [
        2,
        3,
        4
      ],
      "macro_f1": 0.6765127033957171,
      "model_id": "df_logistic_regression",
      "n_test": 2427,
      "n_train": 9708,
      "outer_fold": 4,
      "precision_macro": 0.7046007727528042,
      "recall_macro": 0.661671272279298,
      "repeat_seed": 1,
      "representation": "DF"
    },
    {
      "accuracy": 0.6856201071281417,
      "algorithm": "logistic_regression",
      "confusion_matrix": [
        [
          256,
          206,
          2
        ],
        [
          161,
          974,
          108
        ],
        [
          13,
          273,
          434
        ]
      ],
      "elapsed_seconds": 1324.354,
      "fold_id": "r1_f5",
      "inner_best_macro_f1": 0.6720729438367328,
      "labels": [
        2,
        3,
        4
      ],
      "macro_f1": 0.660655908221973,
      "model_id": "df_logistic_regression",
      "n_test": 2427,
      "n_train": 9708,
      "outer_fold": 5,
      "precision_macro": 0.6878267293889179,
      "recall_macro": 0.646030003010473,
      "repeat_seed": 1,
      "representation": "DF"
    },
    {
      "accuracy": 0.6860321384425216,
      "algorithm": "logistic_regression",
      "confusion_matrix": [
        [
          264,
          196,
          5
        ],
        [
          161,
          968,
          114
        ],
        [
          14,
          272,
          433
        ]
      ],
      "elapsed_seconds": 855.469,
      "fold_id": "r2_f1",
      "inner_best_macro_f1": 0.6707951515294345,
      "labels": [
        2,
        3,
        4
      ],
      "macro_f1": 0.6626939232352563,
      "model_id": "df_logistic_regression",
      "n_test": 2427,
      "n_train": 9708,
      "outer_fold": 1,
      "precision_macro": 0.6866272466575915,
      "recall_macro": 0.649576103455135,
      "repeat_seed": 2,
      "representation": "DF"
    },
    {
      "accuracy": 0.7012772970745776,
      "algorithm": "logistic_regression",
      "confusion_matrix": [
        [
          265,
          196,
          3
        ],
        [
          149,
          980,
          115
        ],
        [
          8,
          254,
          457
        ]
      ],
      "elapsed_seconds": 880.093,
      "fold_id": "r2_f2",
      "inner_best_macro_f1": 0.669589688243054,
      "labels": [
        2,
        3,
        4
      ],
      "macro_f1": 0.679171787947006,
      "model_id": "df_logistic_regression",
      "n_test": 2427,
      "n_train": 9708,
      "outer_fold": 2,
      "precision_macro": 0.7026864597727981,
      "recall_macro": 0.6648356823638636,
      "repeat_seed": 2,
      "representation": "DF"
    },
    {
      "accuracy": 0.6909765142150803,
      "algorithm": "logistic_regression",
      "confusion_matrix": [
        [
          269,
          194,
          1
        ],
        [
          160,
          973,
          111
        ],
        [
          14,
          270,
          435
        ]
      ],
      "elapsed_seconds": 1074.438,
      "fold_id": "r2_f3",
      "inner_best_macro_f1": 0.6710292107811759,
      "labels": [
        2,
        3,
        4
      ],
      "macro_f1": 0.6687388777589641,
      "model_id": "df_logistic_regression",
      "n_test": 2427,
      "n_train": 9708,
      "outer_fold": 3,
      "precision_macro": 0.6931917856856885,
      "recall_macro": 0.6556342247497594,
      "repeat_seed": 2,
      "representation": "DF"
    },
    {
      "accuracy": 0.6847960444993819,
      "algorithm": "logistic_regression",
      "confusion_matrix": [
        [
          257,
          206,
          1
        ],
        [
          173,
          954,
          116
        ],
        [
          18,
          251,
          451
        ]
      ],
      "elapsed_seconds": 1119.822,
      "fold_id": "r2_f4",
      "inner_best_macro_f1": 0.6751308796974076,
      "labels": [
        2,
        3,
        4
      ],
      "macro_f1": 0.6609406319168278,
      "model_id": "df_logistic_regression",
      "n_test": 2427,
      "n_train": 9708,
      "outer_fold": 4,
      "precision_macro": 0.6812636761390456,
      "recall_macro": 0.6492553959902144,
      "repeat_seed": 2,
      "representation": "DF"
    },
    {
      "accuracy": 0.703749484960857,
      "algorithm": "logistic_regression",