{
  "best_bc_min_df": 10,
  "class_counts": {
    "2": 2321,
    "3": 6217,
    "4": 3597
  },
  "n_rows": 12135,
  "n_seeds": 5,
  "parameters": {
    "algorithms": [
      "decision_tree",
      "random_forest",
      "gradient_boosting",
      "naive_bayes",
      "logistic_regression",
      "linear_svc",
      "knn"
    ],
    "bc_min_df_values": [
      5,
      10,
      20
    ],
    "max_rows": null,
    "processed_dir": "data/processed/archidekt",
    "representations": [
      "DF",
      "BC"
    ],
    "seeds": [
      1,
      2,
      3,
      4,
      5
    ],
    "test_size": 0.2
  },
  "rankings": {
    "BC": [
      {
        "accuracy_mean": 0.665183353934899,
        "accuracy_std": 0.006647637173380532,
        "algorithm": "gradient_boosting",
        "bc_min_df": 10,
        "eligible": true,
        "macro_f1_mean": 0.6342173246013248,
        "macro_f1_std": 0.00638342417058364,
        "n_seeds_ok": 5,
        "precision_macro_mean": 0.6586581812313497,
        "rank": 1,
        "reason": "",
        "recall_macro_mean": 0.6199884189525611,
        "representation": "BC",
        "selected": true
      },
      {
        "accuracy_mean": 0.6243922538112897,
        "accuracy_std": 0.007362574171216104,
        "algorithm": "logistic_regression",
        "bc_min_df": 10,
        "eligible": true,
        "macro_f1_mean": 0.5927019952617445,
        "macro_f1_std": 0.006580967204447127,
        "n_seeds_ok": 5,
        "precision_macro_mean": 0.6045379511530958,
        "rank": 2,
        "reason": "",
        "recall_macro_mean": 0.5845088561041716,
        "representation": "BC",
        "selected": true
      },
      {
        "accuracy_mean": 0.5667078697981046,
        "accuracy_std": 0.007611992782137268,
        "algorithm": "naive_bayes",
        "bc_min_df": 10,
        "eligible": true,
        "macro_f1_mean": 0.5570001916460212,
        "macro_f1_std": 0.0070268522610536475,
        "n_seeds_ok": 5,
        "precision_macro_mean": 0.5488447095844106,
        "rank": 3,
        "reason": "",
        "recall_macro_mean": 0.5750419226489505,
        "representation": "BC",
        "selected": true
      },
      {
        "accuracy_mean": 0.5762669962917182,
        "accuracy_std": 0.010671531499418003,
        "algorithm": "linear_svc",
        "bc_min_df": 10,
        "eligible": true,
        "macro_f1_mean": 0.5458916854642493,
        "macro_f1_std": 0.010686571286878792,
        "n_seeds_ok": 5,
        "precision_macro_mean": 0.5477765552919378,
        "rank": 4,
        "reason": "",
        "recall_macro_mean": 0.5451632109218971,
        "representation": "BC",
        "selected": true
      },
      {
        "accuracy_mean": 0.5641532756489493,
        "accuracy_std": 0.003655254242474977,
        "algorithm": "decision_tree",
        "bc_min_df": 10,
        "eligible": true,
        "macro_f1_mean": 0.5445460078318903,
        "macro_f1_std": 0.004113436781600679,
        "n_seeds_ok": 5,
        "precision_macro_mean": 0.54556954437178,
        "rank": 5,
        "reason": "",
        "recall_macro_mean": 0.5439121991111023,
        "representation": "BC",
        "selected": true
      },
      {
        "accuracy_mean": 0.6379892871858261,
        "accuracy_std": 0.008013982584483595,
        "algorithm": "random_forest",
        "bc_min_df": 10,
        "eligible": true,
        "macro_f1_mean": 0.5242591847483862,
        "macro_f1_std": 0.011872945532890384,
        "n_seeds_ok": 5,
        "precision_macro_mean": 0.6752720952110984,
        "rank": 6,
        "reason": "",
        "recall_macro_mean": 0.5153063565440558,
        "representation": "BC",
        "selected": false
      },
      {
        "accuracy_mean": 0.5061392665842603,
        "accuracy_std": 0.014886252893185249,
        "algorithm": "knn",
        "bc_min_df": 10,
        "eligible": true,
        "macro_f1_mean": 0.4540685973842041,
        "macro_f1_std": 0.017684977797011284,
        "n_seeds_ok": 5,
        "precision_macro_mean": 0.46981877272983974,
        "rank": 7,
        "reason": "",
        "recall_macro_mean": 0.44938085301092323,
        "representation": "BC",
        "selected": false
      }
    ],
    "DF": [
      {
        "accuracy_mean": 0.7104243922538114,
        "accuracy_std": 0.003464494933593384,
        "algorithm": "gradient_boosting",
        "bc_min_df": null,
        "eligible": true,
        "macro_f1_mean": 0.6849960089493223,
        "macro_f1_std": 0.004858162875690361,
        "n_seeds_ok": 5,
        "precision_macro_mean": 0.708715588433649,
        "rank": 1,
        "reason": "",
        "recall_macro_mean": 0.6714950281646693,
        "representation": "DF",
        "selected": true
      },
      {
        "accuracy_mean": 0.7100123609394314,
        "accuracy_std": 0.005133056943517883,
        "algorithm": "random_forest",
        "bc_min_df": null,
        "eligible": true,
        "macro_f1_mean": 0.6685929766528268,
        "macro_f1_std": 0.010256335489198048,
        "n_seeds_ok": 5,
        "precision_macro_mean": 0.7244301407892622,
        "rank": 2,
        "reason": "",
        "recall_macro_mean": 0.6436009588627686,
        "representation": "DF",
        "selected": true
      },
      {
        "accuracy_mean": 0.6912237330037083,
        "accuracy_std": 0.005408450539138169,
        "algorithm": "logistic_regression",
        "bc_min_df": null,
        "eligible": true,
        "macro_f1_mean": 0.6672402519819888,
        "macro_f1_std": 0.004998164424482427,
        "n_seeds_ok": 5,
        "precision_macro_mean": 0.6909814828261445,
        "rank": 3,
        "reason": "",
        "recall_macro_mean": 0.6530979395067839,
        "representation": "DF",
        "selected": true
      },
      {
        "accuracy_mean": 0.6789451998351874,
        "accuracy_std": 0.0073035383497389444,
        "algorithm": "linear_svc",
        "bc_min_df": null,
        "eligible": true,
        "macro_f1_mean": 0.62248130932286,
        "macro_f1_std": 0.011194752672347711,
        "n_seeds_ok": 5,
        "precision_macro_mean": 0.6891238477720563,
        "rank": 4,
        "reason": "",
        "recall_macro_mean": 0.6004641093291796,
        "representation": "DF",
        "selected": true
      },
      {
        "accuracy_mean": 0.6260403790688093,
        "accuracy_std": 0.010364860442376672,
        "algorithm": "decision_tree",
        "bc_min_df": null,
        "eligible": true,
        "macro_f1_mean": 0.6041659161261637,
        "macro_f1_std": 0.010230148633096039,
        "n_seeds_ok": 5,
        "precision_macro_mean": 0.6029726102115578,
        "rank": 5,
        "reason": "",
        "recall_macro_mean": 0.6057286462880122,
        "representation": "DF",
        "selected": true
      },
      {
        "accuracy_mean": 0.5765966213432222,
        "accuracy_std": 0.009095538769288765,
        "algorithm": "naive_bayes",
        "bc_min_df": null,
        "eligible": true,
        "macro_f1_mean": 0.5791578806358588,
        "macro_f1_std": 0.007974856258664457,
        "n_seeds_ok": 5,
        "precision_macro_mean": 0.5861191822395214,
        "rank": 6,
        "reason": "",
        "recall_macro_mean": 0.6286791906572551,
        "representation": "DF",
        "selected": false
      },
      {
        "accuracy_mean": 0.5751957148743305,
        "accuracy_std": 0.0083683955548372,
        "algorithm": "knn",
        "bc_min_df": null,
        "eligible": true,
        "macro_f1_mean": 0.5241069787869375,
        "macro_f1_std": 0.011327392027893249,
        "n_seeds_ok": 5,
        "precision_macro_mean": 0.554356609983519,
        "rank": 7,
        "reason": "",
        "recall_macro_mean": 0.5117829533931432,
        "representation": "DF",
        "selected": false
      }
    ]
  },
  "selection": {
    "top5_BC": [
      "gradient_boosting",
      "logistic_regression",
      "naive_bayes",
      "linear_svc",
      "decision_tree"
    ],