{
  "aggregate": {
    "accuracy_mean": 0.6584260403790688,
    "accuracy_std": 0.00875990590254194,
    "confusion_matrix_sum": [
      [
        5208,
        1668,
        87
      ],
      [
        4229,
        11244,
        3178
      ],
      [
        565,
        2708,
        7518
      ]
    ],
    "labels": [
      2,
      3,
      4
    ],
    "macro_f1_mean": 0.6556936971421369,
    "macro_f1_std": 0.008452035636410669,
    "precision_macro_mean": 0.6461271751673385,
    "precision_macro_std": 0.008574345016213842,
    "recall_macro_mean": 0.682503724882438,
    "recall_macro_std": 0.009391716925296625
  },
  "algorithm": "linear_svc",
  "checkpoint": {
    "checkpoint_dir": "experiments/df_linear_svc/checkpoints/7801815cdd67634f",
    "completed_folds": 15,
    "signature_id": "7801815cdd67634f",
    "total_folds": 15
  },
  "folds": [
    {
      "accuracy": 0.6683147919241862,
      "algorithm": "linear_svc",
      "confusion_matrix": [
        [
          351,
          108,
          6
        ],
        [
          273,
          760,
          210
        ],
        [
          53,
          155,
          511
        ]
      ],
      "elapsed_seconds": 729.229,
      "fold_id": "r1_f1",
      "inner_best_macro_f1": 0.6499718699066617,
      "labels": [
        2,
        3,
        4
      ],
      "macro_f1": 0.6640912917217455,
      "model_id": "df_linear_svc",
      "n_test": 2427,
      "n_train": 9708,
      "outer_fold": 1,
      "precision_macro": 0.6547551317089334,
      "recall_macro": 0.6923240008103887,
      "repeat_seed": 1,
      "representation": "DF"
    },
    {
      "accuracy": 0.6497733827770911,
      "algorithm": "linear_svc",
      "confusion_matrix": [
        [
          342,
          111,
          11
        ],
        [
          271,
          734,
          239
        ],
        [
          24,
          194,
          501
        ]
      ],
      "elapsed_seconds": 712.406,
      "fold_id": "r1_f2",
      "inner_best_macro_f1": 0.65621079885809,
      "labels": [
        2,
        3,
        4
      ],
      "macro_f1": 0.6486332125601305,
      "model_id": "df_linear_svc",
      "n_test": 2427,
      "n_train": 9708,
      "outer_fold": 2,
      "precision_macro": 0.6368169024124519,
      "recall_macro": 0.6746340775048482,
      "repeat_seed": 1,
      "representation": "DF"
    },
    {
      "accuracy": 0.657601977750309,
      "algorithm": "linear_svc",
      "confusion_matrix": [
        [
          356,
          103,
          5
        ],
        [
          308,
          730,
          206
        ],
        [
          35,
          174,
          510
        ]
      ],
      "elapsed_seconds": 785.545,
      "fold_id": "r1_f3",
      "inner_best_macro_f1": 0.6500684154774884,
      "labels": [
        2,
        3,
        4
      ],
      "macro_f1": 0.656381252504911,
      "model_id": "df_linear_svc",
      "n_test": 2427,
      "n_train": 9708,
      "outer_fold": 3,
      "precision_macro": 0.64719180714853,
      "recall_macro": 0.6877921991604495,
      "repeat_seed": 1,
      "representation": "DF"
    },
    {
      "accuracy": 0.6567779151215493,
      "algorithm": "linear_svc",
      "confusion_matrix": [
        [
          346,
          114,
          4
        ],
        [
          280,
          763,
          200
        ],
        [
          42,
          193,
          485
        ]
      ],
      "elapsed_seconds": 761.713,
      "fold_id": "r1_f4",
      "inner_best_macro_f1": 0.6554322450476234,
      "labels": [
        2,
        3,
        4
      ],
      "macro_f1": 0.6531627252039879,
      "model_id": "df_linear_svc",
      "n_test": 2427,
      "n_train": 9708,
      "outer_fold": 4,
      "precision_macro": 0.6449889689308225,
      "recall_macro": 0.6777127520757364,
      "repeat_seed": 1,
      "representation": "DF"
    },
    {
      "accuracy": 0.6604861969509682,
      "algorithm": "linear_svc",
      "confusion_matrix": [
        [
          338,
          121,
          5
        ],
        [
          266,
          773,
          204
        ],
        [
          29,
          199,
          492
        ]
      ],
      "elapsed_seconds": 665.082,
      "fold_id": "r1_f5",
      "inner_best_macro_f1": 0.6561889751218212,
      "labels": [
        2,
        3,
        4
      ],
      "macro_f1": 0.6568370770270096,
      "model_id": "df_linear_svc",
      "n_test": 2427,
      "n_train": 9708,
      "outer_fold": 5,
      "precision_macro": 0.6476825172680164,
      "recall_macro": 0.6778880504773088,
      "repeat_seed": 1,
      "representation": "DF"
    },
    {
      "accuracy": 0.6505974454058508,
      "algorithm": "linear_svc",
      "confusion_matrix": [
        [
          354,
          103,
          8
        ],
        [
          291,
          726,
          226
        ],
        [
          40,
          180,
          499
        ]
      ],
      "elapsed_seconds": 687.697,
      "fold_id": "r2_f1",
      "inner_best_macro_f1": 0.6580293641138298,
      "labels": [
        2,
        3,
        4
      ],
      "macro_f1": 0.6492467369161252,
      "model_id": "df_linear_svc",
      "n_test": 2427,
      "n_train": 9708,
      "outer_fold": 1,
      "precision_macro": 0.6390255287545347,
      "recall_macro": 0.6797935301763335,
      "repeat_seed": 2,
      "representation": "DF"
    },
    {
      "accuracy": 0.665430572723527,
      "algorithm": "linear_svc",
      "confusion_matrix": [
        [
          349,
          104,
          11
        ],
        [
          270,
          752,
          222
        ],
        [
          29,
          176,
          514
        ]
      ],
      "elapsed_seconds": 776.366,
      "fold_id": "r2_f2",
      "inner_best_macro_f1": 0.6548715787011846,
      "labels": [
        2,
        3,
        4
      ],
      "macro_f1": 0.6632447028037293,
      "model_id": "df_linear_svc",
      "n_test": 2427,
      "n_train": 9708,
      "outer_fold": 2,
      "precision_macro": 0.6517826978312331,
      "recall_macro": 0.6905128534603943,
      "repeat_seed": 2,
      "representation": "DF"
    },
    {
      "accuracy": 0.6497733827770911,
      "algorithm": "linear_svc",
      "confusion_matrix": [
        [
          336,
          125,
          3
        ],
        [
          281,
          755,
          208
        ],
        [
          41,
          192,
          486
        ]
      ],
      "elapsed_seconds": 784.417,
      "fold_id": "r2_f3",
      "inner_best_macro_f1": 0.6578572955216585,
      "labels": [
        2,
        3,
        4
      ],
      "macro_f1": 0.6457857807745967,
      "model_id": "df_linear_svc",
      "n_test": 2427,
      "n_train": 9708,
      "outer_fold": 3,
      "precision_macro": 0.6374011247374349,
      "recall_macro": 0.6689966394028412,
      "repeat_seed": 2,
      "representation": "DF"
    },
    {
      "accuracy": 0.6670786979810466,
      "algorithm": "linear_svc",
      "confusion_matrix": [
        [
          347,
          115,
          2
        ],
        [
          266,
          775,
          202
        ],
        [
          44,
          179,
          497
        ]
      ],
      "elapsed_seconds": 877.005,
      "fold_id": "r2_f4",
      "inner_best_macro_f1": 0.656946060976395,
      "labels": [
        2,
        3,
        4
      ],
      "macro_f1": 0.6630042374009096,
      "model_id": "df_linear_svc",
      "n_test": 2427,
      "n_train": 9708,
      "outer_fold": 4,
      "precision_macro": 0.6540406900458318,
      "recall_macro": 0.6872047193530256,
      "repeat_seed": 2,
      "representation": "DF"
    },
    {
      "accuracy": 0.6633704161516275,
      "algorithm": "linear_svc",