{
  "aggregate": {
    "accuracy_mean": 0.6442246944101085,
    "accuracy_std": 0.013042473305593855,
    "confusion_matrix_sum": [
      [
        5343,
        1536,
        84
      ],
      [
        4497,
        10699,
        3455
      ],
      [
        659,
        2721,
        7411
      ]
    ],
    "labels": [
      2,
      3,
      4
    ],
    "macro_f1_mean": 0.6432634320677485,
    "macro_f1_std": 0.012128067533674498,
    "precision_macro_mean": 0.6342586295578253,
    "precision_macro_std": 0.010607567796644138,
    "recall_macro_mean": 0.6759143274864831,
    "recall_macro_std": 0.011398520061371082
  },
  "algorithm": "gradient_boosting",
  "checkpoint": {
    "checkpoint_dir": "experiments/bc_gradient_boosting/checkpoints/afd686dd02e08c4a",
    "completed_folds": 15,
    "signature_id": "afd686dd02e08c4a",
    "total_folds": 15
  },
  "folds": [
    {
      "accuracy": 0.6291718170580964,
      "algorithm": "gradient_boosting",
      "confusion_matrix": [
        [
          391,
          69,
          5
        ],
        [
          344,
          640,
          259
        ],
        [
          74,
          149,
          496
        ]
      ],
      "elapsed_seconds": 8167.35,
      "fold_id": "r1_f1",
      "inner_best_macro_f1": 0.6381488084070378,
      "labels": [
        2,
        3,
        4
      ],
      "macro_f1": 0.631257305569782,
      "model_id": "bc_gradient_boosting",
      "n_test": 2427,
      "n_train": 9708,
      "outer_fold": 1,
      "precision_macro": 0.6272883522119096,
      "recall_macro": 0.6818635238437537,
      "repeat_seed": 1,
      "representation": "BC"
    },
    {
      "accuracy": 0.6419447878038731,
      "algorithm": "gradient_boosting",
      "confusion_matrix": [
        [
          330,
          127,
          7
        ],
        [
          283,
          722,
          239
        ],
        [
          38,
          175,
          506
        ]
      ],
      "elapsed_seconds": 8153.333,
      "fold_id": "r1_f2",
      "inner_best_macro_f1": 0.630762832526664,
      "labels": [
        2,
        3,
        4
      ],
      "macro_f1": 0.6388599745362293,
      "model_id": "bc_gradient_boosting",
      "n_test": 2427,
      "n_train": 9708,
      "outer_fold": 2,
      "precision_macro": 0.6282876359406151,
      "recall_macro": 0.6651159880729822,
      "repeat_seed": 1,
      "representation": "BC"
    },
    {
      "accuracy": 0.6398846312319736,
      "algorithm": "gradient_boosting",
      "confusion_matrix": [
        [
          350,
          104,
          10
        ],
        [
          307,
          706,
          231
        ],
        [
          39,
          183,
          497
        ]
      ],
      "elapsed_seconds": 8209.743,
      "fold_id": "r1_f3",
      "inner_best_macro_f1": 0.6349836523154776,
      "labels": [
        2,
        3,
        4
      ],
      "macro_f1": 0.6389581755469972,
      "model_id": "bc_gradient_boosting",
      "n_test": 2427,
      "n_train": 9708,
      "outer_fold": 3,
      "precision_macro": 0.6290973785002635,
      "recall_macro": 0.6710240969677006,
      "repeat_seed": 1,
      "representation": "BC"
    },
    {
      "accuracy": 0.6440049443757726,
      "algorithm": "gradient_boosting",
      "confusion_matrix": [
        [
          361,
          99,
          4
        ],
        [
          296,
          722,
          225
        ],
        [
          36,
          204,
          480
        ]
      ],
      "elapsed_seconds": 8109.451,
      "fold_id": "r1_f4",
      "inner_best_macro_f1": 0.6438187573487114,
      "labels": [
        2,
        3,
        4
      ],
      "macro_f1": 0.6441701405161181,
      "model_id": "bc_gradient_boosting",
      "n_test": 2427,
      "n_train": 9708,
      "outer_fold": 4,
      "precision_macro": 0.6341078792955361,
      "recall_macro": 0.6751788945296727,
      "repeat_seed": 1,
      "representation": "BC"
    },
    {
      "accuracy": 0.6621343222084879,
      "algorithm": "gradient_boosting",
      "confusion_matrix": [
        [
          368,
          89,
          7
        ],
        [
          281,
          743,
          219
        ],
        [
          43,
          181,
          496
        ]
      ],
      "elapsed_seconds": 8249.932,
      "fold_id": "r1_f5",
      "inner_best_macro_f1": 0.6308848560728476,
      "labels": [
        2,
        3,
        4
      ],
      "macro_f1": 0.6610998565839855,
      "model_id": "bc_gradient_boosting",
      "n_test": 2427,
      "n_train": 9708,
      "outer_fold": 5,
      "precision_macro": 0.6507458241700753,
      "recall_macro": 0.693246574174252,
      "repeat_seed": 1,
      "representation": "BC"
    },
    {
      "accuracy": 0.6168108776266996,
      "algorithm": "gradient_boosting",
      "confusion_matrix": [
        [
          398,
          61,
          6
        ],
        [
          366,
          599,
          278
        ],
        [
          63,
          156,
          500
        ]
      ],
      "elapsed_seconds": 8218.291,
      "fold_id": "r2_f1",
      "inner_best_macro_f1": 0.633020998913704,
      "labels": [
        2,
        3,
        4
      ],
      "macro_f1": 0.6210903028422672,
      "model_id": "bc_gradient_boosting",
      "n_test": 2427,
      "n_train": 9708,
      "outer_fold": 1,
      "precision_macro": 0.6176937623094381,
      "recall_macro": 0.6777409676360189,
      "repeat_seed": 2,
      "representation": "BC"
    },
    {
      "accuracy": 0.6588380716934487,
      "algorithm": "gradient_boosting",
      "confusion_matrix": [
        [
          351,
          106,
          7
        ],
        [
          287,
          745,
          212
        ],
        [
          39,
          177,
          503
        ]
      ],
      "elapsed_seconds": 8258.8,
      "fold_id": "r2_f2",
      "inner_best_macro_f1": 0.6322780177224067,
      "labels": [
        2,
        3,
        4
      ],
      "macro_f1": 0.6563953137428729,
      "model_id": "bc_gradient_boosting",
      "n_test": 2427,
      "n_train": 9708,
      "outer_fold": 2,
      "precision_macro": 0.6466159608046033,
      "recall_macro": 0.6849742897122919,
      "repeat_seed": 2,
      "representation": "BC"
    },
    {
      "accuracy": 0.6510094767202307,
      "algorithm": "gradient_boosting",
      "confusion_matrix": [
        [
          351,
          106,
          7
        ],
        [
          282,
          733,
          229
        ],
        [
          48,
          175,
          496
        ]
      ],
      "elapsed_seconds": 8281.084,
      "fold_id": "r2_f3",
      "inner_best_macro_f1": 0.6254341000649882,
      "labels": [
        2,
        3,
        4
      ],
      "macro_f1": 0.6486713316558628,
      "model_id": "bc_gradient_boosting",
      "n_test": 2427,
      "n_train": 9708,
      "outer_fold": 3,
      "precision_macro": 0.6386312716786966,
      "recall_macro": 0.6785136075990197,
      "repeat_seed": 2,
      "representation": "BC"
    },
    {
      "accuracy": 0.638236505974454,
      "algorithm": "gradient_boosting",
      "confusion_matrix": [
        [
          334,
          126,
          4
        ],
        [
          298,
          716,
          229
        ],
        [
          43,
          178,
          499
        ]
      ],
      "elapsed_seconds": 8264.451,
      "fold_id": "r2_f4",
      "inner_best_macro_f1": 0.6387882445952879,
      "labels": [
        2,
        3,
        4
      ],
      "macro_f1": 0.6355318418759429,
      "model_id": "bc_gradient_boosting",
      "n_test": 2427,
      "n_train": 9708,
      "outer_fold": 4,
      "precision_macro": 0.6261565293998596,
      "recall_macro": 0.662969628643263,
      "repeat_seed": 2,
      "representation": "BC"
    },
    {
      "accuracy": 0.6349402554594149,
      "algorithm": "gradient_boosting",