{
  "aggregate": {
    "accuracy_mean": 0.6248317538799616,
    "accuracy_std": 0.010130880477032929,
    "confusion_matrix_sum": [
      [
        3755,
        3053,
        155
      ],
      [
        3488,
        11840,
        3323
      ],
      [
        525,
        3114,
        7152
      ]
    ],
    "labels": [
      2,
      3,
      4
    ],
    "macro_f1_mean": 0.6077498075614376,
    "macro_f1_std": 0.011747343406977138,
    "precision_macro_mean": 0.6045946482680923,
    "precision_macro_std": 0.011131371035606845,
    "recall_macro_mean": 0.6122880818447756,
    "recall_macro_std": 0.013016437355101733
  },
  "description": "Top-3 modelos BC",
  "folds": [
    {
      "accuracy": 0.6415327564894932,
      "confusion_matrix": [
        [
          273,
          186,
          6
        ],
        [
          228,
          805,
          210
        ],
        [
          45,
          195,
          479
        ]
      ],
      "fold_id": "r1_f1",
      "labels": [
        2,
        3,
        4
      ],
      "macro_f1": 0.6267980542924939,
      "n_test": 2427,
      "precision_macro": 0.6226535803397754,
      "recall_macro": 0.6336421811908153
    },
    {
      "accuracy": 0.6176349402554594,
      "confusion_matrix": [
        [
          224,
          227,
          13
        ],
        [
          227,
          787,
          230
        ],
        [
          27,
          204,
          488
        ]
      ],
      "fold_id": "r1_f2",
      "labels": [
        2,
        3,
        4
      ],
      "macro_f1": 0.5960016467798394,
      "n_test": 2427,
      "precision_macro": 0.5941130404464606,
      "recall_macro": 0.598038573900265
    },
    {
      "accuracy": 0.622991347342398,
      "confusion_matrix": [
        [
          254,
          200,
          10
        ],
        [
          238,
          788,
          218
        ],
        [
          38,
          211,
          470
        ]
      ],
      "fold_id": "r1_f3",
      "labels": [
        2,
        3,
        4
      ],
      "macro_f1": 0.606516065167609,
      "n_test": 2427,
      "precision_macro": 0.6032706879455646,
      "recall_macro": 0.6115133273736283
    },
    {
      "accuracy": 0.6213432220848785,
      "confusion_matrix": [
        [
          259,
          194,
          11
        ],
        [
          238,
          782,
          223
        ],
        [
          25,
          228,
          467
        ]
      ],
      "fold_id": "r1_f4",
      "labels": [
        2,
        3,
        4
      ],
      "macro_f1": 0.6072628507457547,
      "n_test": 2427,
      "precision_macro": 0.6039537996657337,
      "recall_macro": 0.6119746185278685
    },
    {
      "accuracy": 0.6217552533992583,
      "confusion_matrix": [
        [
          256,
          191,
          17
        ],
        [
          234,
          786,
          223
        ],
        [
          42,
          211,
          467
        ]
      ],
      "fold_id": "r1_f5",
      "labels": [
        2,
        3,
        4
      ],
      "macro_f1": 0.6050745556818821,
      "n_test": 2427,
      "precision_macro": 0.6011188838182064,
      "recall_macro": 0.6108921197531206
    },
    {
      "accuracy": 0.6205191594561187,
      "confusion_matrix": [
        [
          251,
          205,
          9
        ],
        [
          231,
          777,
          235
        ],
        [
          37,
          204,
          478
        ]
      ],
      "fold_id": "r2_f1",
      "labels": [
        2,
        3,
        4
      ],
      "macro_f1": 0.6044534096513802,
      "n_test": 2427,
      "precision_macro": 0.6002718503748959,
      "recall_macro": 0.6098992495371202
    },
    {
      "accuracy": 0.6291718170580964,
      "confusion_matrix": [
        [
          249,
          197,
          18
        ],
        [
          224,
          794,
          226
        ],
        [
          27,
          208,
          484
        ]
      ],
      "fold_id": "r2_f2",
      "labels": [
        2,
        3,
        4
      ],
      "macro_f1": 0.6118627534525577,
      "n_test": 2427,
      "precision_macro": 0.6083512267548965,
      "recall_macro": 0.6160195864517822
    },
    {
      "accuracy": 0.6221672847136382,
      "confusion_matrix": [
        [
          255,
          200,
          9
        ],
        [
          226,
          790,
          228
        ],
        [
          46,
          208,
          465
        ]
      ],
      "fold_id": "r2_f3",
      "labels": [
        2,
        3,
        4
      ],
      "macro_f1": 0.6053703387341599,
      "n_test": 2427,
      "precision_macro": 0.6018988391490949,
      "recall_macro": 0.6104495895519185
    },
    {
      "accuracy": 0.607746188710342,
      "confusion_matrix": [
        [
          228,
          229,
          7
        ],
        [
          245,
          765,
          233
        ],
        [
          36,
          202,
          482
        ]
      ],
      "fold_id": "r2_f4",
      "labels": [
        2,
        3,
        4
      ],
      "macro_f1": 0.5881586238806141,
      "n_test": 2427,
      "precision_macro": 0.5850530887849635,
      "recall_macro": 0.5920900850638415
    },
    {
      "accuracy": 0.6378244746600742,
      "confusion_matrix": [
        [
          264,
          192,
          8
        ],
        [
          248,
          794,
          201
        ],
        [
          30,
          200,
          490
        ]
      ],
      "fold_id": "r2_f5",
      "labels": [
        2,
        3,
        4
      ],
      "macro_f1": 0.6230816930615192,
      "n_test": 2427,
      "precision_macro": 0.6191878452884074,
      "recall_macro": 0.629432741616141
    },
    {
      "accuracy": 0.6205191594561187,
      "confusion_matrix": [
        [
          256,
          200,
          9
        ],
        [
          253,
          775,
          215
        ],
        [
          34,
          210,
          475
        ]
      ],
      "fold_id": "r3_f1",
      "labels": [
        2,
        3,
        4
      ],
      "macro_f1": 0.605426565763537,
      "n_test": 2427,
      "precision_macro": 0.6016685074201926,
      "recall_macro": 0.6115563215241338
    },
    {
      "accuracy": 0.6205191594561187,
      "confusion_matrix": [
        [
          228,
          227,
          9
        ],
        [
          226,
          802,
          216
        ],
        [
          29,
          214,
          476
        ]
      ],
      "fold_id": "r3_f2",
      "labels": [
        2,
        3,
        4
      ],
      "macro_f1": 0.5989656287006676,
      "n_test": 2427,
      "precision_macro": 0.5987642801769161,
      "recall_macro": 0.5993681473865788
    },
    {
      "accuracy": 0.6415327564894932,
      "confusion_matrix": [
        [
          258,
          203,
          3
        ],
        [
          211,
          809,
          224
        ],
        [
          32,
          197,
          490
        ]
      ],
      "fold_id": "r3_f3",
      "labels": [
        2,
        3,
        4
      ],
      "macro_f1": 0.6255889228618439,
      "n_test": 2427,
      "precision_macro": 0.6225070614884589,
      "recall_macro": 0.6292860374659524
    },
    {
      "accuracy": 0.6349402554594149,
      "confusion_matrix": [
        [
          264,
          186,
          14
        ],
        [
          241,
          794,
          208
        ],
        [
          38,
          199,
          483
        ]
      ],
      "fold_id": "r3_f4",
      "labels": [
        2,
        3,
        4
      ],
      "macro_f1": 0.6192936370810328,
      "n_test": 2427,
      "precision_macro": 0.6149154354382739,
      "recall_macro": 0.6261920008754003
    },
    {
      "accuracy": 0.6122785331685208,