{
  "voting_id": "voting_top3_BC",
  "description": "Top-3 modelos BC",
  "members": [
    "bc_gradient_boosting",
    "bc_random_forest",
    "bc_logistic_regression"
  ],
  "n_members": 3,
  "n_folds": 15,
  "status": "ok",
  "aggregate": {
    "macro_f1_mean": 0.6495424802670472,
    "macro_f1_std": 0.011611395479831577,
    "accuracy_mean": 0.6519708831204505,
    "accuracy_std": 0.011208102903950246,
    "precision_macro_mean": 0.6403708923211392,
    "precision_macro_std": 0.010937257267300105,
    "recall_macro_mean": 0.677465421622559,
    "recall_macro_std": 0.012958700220954236,
    "confusion_matrix_sum": [
      [
        5253,
        1643,
        67
      ],
      [
        4274,
        11132,
        3245
      ],
      [
        651,
        2790,
        7350
      ]
    ],
    "labels": [
      2,
      3,
      4
    ]
  },
  "folds": [
    {
      "fold_id": "r1_f1",
      "n_test": 2427,
      "macro_f1": 0.644052537865419,
      "accuracy": 0.6468891635764318,
      "precision_macro": 0.6367225221804583,
      "recall_macro": 0.6772561036546962,
      "confusion_matrix": [
        [
          362,
          98,
          5
        ],
        [
          294,
          728,
          221
        ],
        [
          70,
          169,
          480
        ]
      ],
      "labels": [
        2,
        3,
        4
      ]
    },
    {
      "fold_id": "r1_f2",
      "n_test": 2427,
      "macro_f1": 0.6444520641782492,
      "accuracy": 0.6481252575195715,
      "precision_macro": 0.6347186500860872,
      "recall_macro": 0.6689987565785372,
      "confusion_matrix": [
        [
          331,
          129,
          4
        ],
        [
          283,
          739,
          222
        ],
        [
          38,
          178,
          503
        ]
      ],
      "labels": [
        2,
        3,
        4
      ]
    },
    {
      "fold_id": "r1_f3",
      "n_test": 2427,
      "macro_f1": 0.6400461106717206,
      "accuracy": 0.642356819118253,
      "precision_macro": 0.630534538194292,
      "recall_macro": 0.6681683000339828,
      "confusion_matrix": [
        [
          344,
          111,
          9
        ],
        [
          294,
          727,
          223
        ],
        [
          41,
          190,
          488
        ]
      ],
      "labels": [
        2,
        3,
        4
      ]
    },
    {
      "fold_id": "r1_f4",
      "n_test": 2427,
      "macro_f1": 0.6510503799935845,
      "accuracy": 0.6514215080346106,
      "precision_macro": 0.6415803423467527,
      "recall_macro": 0.6804084096996822,
      "confusion_matrix": [
        [
          358,
          103,
          3
        ],
        [
          299,
          734,
          210
        ],
        [
          31,
          200,
          489
        ]
      ],
      "labels": [
        2,
        3,
        4
      ]
    },
    {
      "fold_id": "r1_f5",
      "n_test": 2427,
      "macro_f1": 0.6700937078310126,
      "accuracy": 0.6720230737536053,
      "precision_macro": 0.6608149374200649,
      "recall_macro": 0.699743249296957,
      "confusion_matrix": [
        [
          369,
          91,
          4
        ],
        [
          277,
          768,
          198
        ],
        [
          42,
          184,
          494
        ]
      ],
      "labels": [
        2,
        3,
        4
      ]
    },
    {
      "fold_id": "r2_f1",
      "n_test": 2427,
      "macro_f1": 0.6382381288735174,
      "accuracy": 0.638648537288834,
      "precision_macro": 0.6294782250554435,
      "recall_macro": 0.6748243122337728,
      "confusion_matrix": [
        [
          362,
          98,
          5
        ],
        [
          308,
          693,
          242
        ],
        [
          57,
          167,
          495
        ]
      ],
      "labels": [
        2,
        3,
        4
      ]
    },
    {
      "fold_id": "r2_f2",
      "n_test": 2427,
      "macro_f1": 0.6690680948975029,
      "accuracy": 0.6720230737536053,
      "precision_macro": 0.6593978569408538,
      "recall_macro": 0.6957418405012485,
      "confusion_matrix": [
        [
          355,
          104,
          5
        ],
        [
          274,
          771,
          199
        ],
        [
          37,
          177,
          505
        ]
      ],
      "labels": [
        2,
        3,
        4
      ]
    },
    {
      "fold_id": "r2_f3",
      "n_test": 2427,
      "macro_f1": 0.6519057477097665,
      "accuracy": 0.6555418211784095,
      "precision_macro": 0.6429144085070128,
      "recall_macro": 0.6774297485764227,
      "confusion_matrix": [
        [
          349,
          111,
          4
        ],
        [
          269,
          762,
          213
        ],
        [
          49,
          190,
          480
        ]
      ],
      "labels": [
        2,
        3,
        4
      ]
    },
    {
      "fold_id": "r2_f4",
      "n_test": 2427,
      "macro_f1": 0.6474202574681679,
      "accuracy": 0.6501854140914709,
      "precision_macro": 0.6382401421642613,
      "recall_macro": 0.6736426414485616,
      "confusion_matrix": [
        [
          340,
          122,
          2
        ],
        [
          291,
          738,
          214
        ],
        [
          39,
          181,
          500
        ]
      ],
      "labels": [
        2,
        3,
        4
      ]
    },
    {
      "fold_id": "r2_f5",
      "n_test": 2427,
      "macro_f1": 0.6366694514062935,
      "accuracy": 0.6390605686032138,
      "precision_macro": 0.627702190983974,
      "recall_macro": 0.6622507754793382,
      "confusion_matrix": [
        [
          339,
          122,
          3
        ],
        [
          291,
          731,
          221
        ],
        [
          40,
          199,
          481
        ]
      ],
      "labels": [
        2,
        3,
        4
      ]
    },
    {
      "fold_id": "r3_f1",
      "n_test": 2427,
      "macro_f1": 0.6454200024282811,
      "accuracy": 0.6485372888339513,
      "precision_macro": 0.6362668713426313,
      "recall_macro": 0.6706076959573167,
      "confusion_matrix": [
        [
          340,
          121,
          4
        ],
        [
          284,
          743,
          216
        ],
        [
          41,
          187,
          491
        ]
      ],
      "labels": [
        2,
        3,
        4
      ]
    },
    {
      "fold_id": "r3_f2",
      "n_test": 2427,
      "macro_f1": 0.6591572469952408,
      "accuracy": 0.6608982282653482,
      "precision_macro": 0.6482335010089685,
      "recall_macro": 0.685627096260956,
      "confusion_matrix": [
        [
          346,
          113,
          5
        ],
        [
          280,
          747,
          217
        ],
        [
          26,
          182,
          511
        ]
      ],
      "labels": [
        2,
        3,
        4
      ]
    },
    {
      "fold_id": "r3_f3",
      "n_test": 2427,
      "macro_f1": 0.6570862583341156,
      "accuracy": 0.6571899464359291,
      "precision_macro": 0.6459144140149727,
      "recall_macro": 0.6871372754360894,
      "confusion_matrix": [
        [
          366,
          97,
          1
        ],
        [
          270,
          744,
          230
        ],
        [
          39,
          195,
          485
        ]
      ],
      "labels": [
        2,
        3,
        4
      ]
    },
    {
      "fold_id": "r3_f4",
      "n_test": 2427,
      "macro_f1": 0.6585430215731137,
      "accuracy": 0.6608982282653482,
      "precision_macro": 0.6492129203284939,
      "recall_macro": 0.6898748958407183,
      "confusion_matrix": [
        [
          361,
          92,
          11
        ],
        [
          289,
          744,
          210
        ],
        [
          46,
          175,
          499
        ]
      ],