{
  "voting_id": "voting_top3_BC",
  "description": "Top-3 modelos BC",
  "members": [
    "bc_gradient_boosting",
    "bc_random_forest",
    "bc_logistic_regression"
  ],
  "n_members": 3,
  "n_folds": 15,
  "status": "ok",
  "aggregate": {
    "macro_f1_mean": 0.6463311467614253,
    "macro_f1_std": 0.013659827982376907,
    "accuracy_mean": 0.6545529460238979,
    "accuracy_std": 0.01348671079386436,
    "precision_macro_mean": 0.6397460006470379,
    "precision_macro_std": 0.01331103647689408,
    "recall_macro_mean": 0.6591369745015884,
    "recall_macro_std": 0.014251661834719402,
    "confusion_matrix_sum": [
      [
        4636,
        2265,
        62
      ],
      [
        3580,
        11958,
        3113
      ],
      [
        519,
        3037,
        7235
      ]
    ],
    "labels": [
      2,
      3,
      4
    ]
  },
  "folds": [
    {
      "fold_id": "r1_f1",
      "n_test": 2427,
      "macro_f1": 0.6397555485709071,
      "accuracy": 0.646477132262052,
      "precision_macro": 0.6309870328619397,
      "recall_macro": 0.6606401079318194,
      "confusion_matrix": [
        [
          326,
          135,
          4
        ],
        [
          249,
          764,
          230
        ],
        [
          62,
          178,
          479
        ]
      ],
      "labels": [
        2,
        3,
        4
      ]
    },
    {
      "fold_id": "r1_f2",
      "n_test": 2427,
      "macro_f1": 0.642419880732199,
      "accuracy": 0.6530696332921302,
      "precision_macro": 0.6366570478803575,
      "recall_macro": 0.6510662077529316,
      "confusion_matrix": [
        [
          291,
          169,
          4
        ],
        [
          222,
          807,
          215
        ],
        [
          32,
          200,
          487
        ]
      ],
      "labels": [
        2,
        3,
        4
      ]
    },
    {
      "fold_id": "r1_f3",
      "n_test": 2427,
      "macro_f1": 0.6391645065225401,
      "accuracy": 0.6477132262051916,
      "precision_macro": 0.6327303433356523,
      "recall_macro": 0.6505219683033546,
      "confusion_matrix": [
        [
          301,
          156,
          7
        ],
        [
          243,
          792,
          209
        ],
        [
          28,
          212,
          479
        ]
      ],
      "labels": [
        2,
        3,
        4
      ]
    },
    {
      "fold_id": "r1_f4",
      "n_test": 2427,
      "macro_f1": 0.6463480937374104,
      "accuracy": 0.6522455706633704,
      "precision_macro": 0.64055457263491,
      "recall_macro": 0.656983642240737,
      "confusion_matrix": [
        [
          313,
          150,
          1
        ],
        [
          236,
          800,
          207
        ],
        [
          19,
          231,
          470
        ]
      ],
      "labels": [
        2,
        3,
        4
      ]
    },
    {
      "fold_id": "r1_f5",
      "n_test": 2427,
      "macro_f1": 0.6628328213005633,
      "accuracy": 0.6707869798104656,
      "precision_macro": 0.6562720366701682,
      "recall_macro": 0.6762805683731837,
      "confusion_matrix": [
        [
          323,
          136,
          5
        ],
        [
          231,
          821,
          191
        ],
        [
          36,
          200,
          484
        ]
      ],
      "labels": [
        2,
        3,
        4
      ]
    },
    {
      "fold_id": "r2_f1",
      "n_test": 2427,
      "macro_f1": 0.6346678143187264,
      "accuracy": 0.6402966625463535,
      "precision_macro": 0.6257510759090067,
      "recall_macro": 0.6542585933132562,
      "confusion_matrix": [
        [
          319,
          141,
          5
        ],
        [
          263,
          752,
          228
        ],
        [
          44,
          192,
          483
        ]
      ],
      "labels": [
        2,
        3,
        4
      ]
    },
    {
      "fold_id": "r2_f2",
      "n_test": 2427,
      "macro_f1": 0.6654398192470671,
      "accuracy": 0.6749072929542645,
      "precision_macro": 0.6597806273011394,
      "recall_macro": 0.6756460457223593,
      "confusion_matrix": [
        [
          311,
          147,
          6
        ],
        [
          226,
          833,
          185
        ],
        [
          28,
          197,
          494
        ]
      ],
      "labels": [
        2,
        3,
        4
      ]
    },
    {
      "fold_id": "r2_f3",
      "n_test": 2427,
      "macro_f1": 0.6619528450926455,
      "accuracy": 0.6703749484960857,
      "precision_macro": 0.6548904593813126,
      "recall_macro": 0.675187273989085,
      "confusion_matrix": [
        [
          320,
          140,
          4
        ],
        [
          223,
          821,
          200
        ],
        [
          40,
          193,
          486
        ]
      ],
      "labels": [
        2,
        3,
        4
      ]
    },
    {
      "fold_id": "r2_f4",
      "n_test": 2427,
      "macro_f1": 0.6315987921547098,
      "accuracy": 0.6407086938607334,
      "precision_macro": 0.6251184609550835,
      "recall_macro": 0.6439767808283219,
      "confusion_matrix": [
        [
          293,
          168,
          3
        ],
        [
          259,
          774,
          210
        ],
        [
          33,
          199,
          488
        ]
      ],
      "labels": [
        2,
        3,
        4
      ]
    },
    {
      "fold_id": "r2_f5",
      "n_test": 2427,
      "macro_f1": 0.6408917045991913,
      "accuracy": 0.646477132262052,
      "precision_macro": 0.632435660719203,
      "recall_macro": 0.6562724693789693,
      "confusion_matrix": [
        [
          315,
          144,
          5
        ],
        [
          247,
          773,
          223
        ],
        [
          29,
          210,
          481
        ]
      ],
      "labels": [
        2,
        3,
        4
      ]
    },
    {
      "fold_id": "r3_f1",
      "n_test": 2427,
      "macro_f1": 0.6374627735321545,
      "accuracy": 0.6452410383189122,
      "precision_macro": 0.6302276184542311,
      "recall_macro": 0.6519768834796248,
      "confusion_matrix": [
        [
          305,
          156,
          4
        ],
        [
          259,
          774,
          210
        ],
        [
          35,
          197,
          487
        ]
      ],
      "labels": [
        2,
        3,
        4
      ]
    },
    {
      "fold_id": "r3_f2",
      "n_test": 2427,
      "macro_f1": 0.6495387446508183,
      "accuracy": 0.6596621343222084,
      "precision_macro": 0.6445010210896985,
      "recall_macro": 0.6578786912171147,
      "confusion_matrix": [
        [
          294,
          166,
          4
        ],
        [
          235,
          814,
          195
        ],
        [
          22,
          204,
          493
        ]
      ],
      "labels": [
        2,
        3,
        4
      ]
    },
    {
      "fold_id": "r3_f3",
      "n_test": 2427,
      "macro_f1": 0.6656282381320952,
      "accuracy": 0.6724351050679852,
      "precision_macro": 0.6580979617801092,
      "recall_macro": 0.6778966163381556,
      "confusion_matrix": [
        [
          320,
          143,
          1
        ],
        [
          217,
          819,
          208
        ],
        [
          29,
          197,
          493
        ]
      ],
      "labels": [
        2,
        3,
        4
      ]
    },
    {
      "fold_id": "r3_f4",
      "n_test": 2427,
      "macro_f1": 0.6567764670190978,
      "accuracy": 0.665430572723527,
      "precision_macro": 0.6493148477583475,
      "recall_macro": 0.6717120343913141,
      "confusion_matrix": [
        [
          318,
          138,
          8
        ],
        [
          237,
          807,
          199
        ],
        [
          42,
          188,
          490
        ]
      ],