{
  "checkpoint_dir": "experiments/df_naive_bayes/checkpoints/a25d93e8584291a6",
  "completed_fold_ids": [
    "r1_f1",
    "r1_f2",
    "r1_f3",
    "r1_f4",
    "r1_f5",
    "r2_f1",
    "r2_f2",
    "r2_f3",
    "r2_f4",
    "r2_f5",
    "r3_f1",
    "r3_f2",
    "r3_f3",
    "r3_f4",
    "r3_f5"
  ],
  "completed_folds": 15,
  "schema_version": 1,
  "signature": {
    "algorithm": "naive_bayes",
    "bc_min_df": 10,
    "fold_ids": [
      "r1_f1",
      "r1_f2",
      "r1_f3",
      "r1_f4",
      "r1_f5",
      "r2_f1",
      "r2_f2",
      "r2_f3",
      "r2_f4",
      "r2_f5",
      "r3_f1",
      "r3_f2",
      "r3_f3",
      "r3_f4",
      "r3_f5"
    ],
    "grid": {
      "clf__var_smoothing": [
        1e-12,
        1.2437607347260159e-12,
        1.5469407652461985e-12,
        1.924024182760237e-12,
        2.3930257311804947e-12,
        2.976351441631313e-12,
        3.701869055846198e-12,
        4.604239376758789e-12,
        5.726572150091964e-12,
        7.1224855848599216e-12,
        8.858667904100833e-12,
        1.1018063301098226e-11,
        1.370383450663168e-11,
        1.7044291274531945e-11,
        2.1199020238496073e-11,
        2.6366508987303556e-11,
        3.2793628590208765e-11,
        4.07874275896903e-11,
        5.0729800906537377e-11,
        6.309573444801942e-11,
        7.847599703514623e-11,
        9.760536373079011e-11,
        1.2139771890700753e-10,
        1.5098971606184202e-10,
        1.8779508018514912e-10,
        2.3357214690901213e-10,
        2.905078650510858e-10,
        3.613222756796247e-10,
        4.493984590721661e-10,
        5.589441576403367e-10,
        6.951927961775591e-10,
        8.646535029500378e-10,
        1.0754220761125623e-09,
        1.3375677515263377e-09,
        1.6636142493842227e-09,
        2.06913808111479e-09,
        2.57351270001691e-09,
        3.2008340465997645e-09,
        3.981071705534969e-09,
        4.951500669473126e-09,
        6.15848211066028e-09,
        7.659678234751853e-09,
        9.526807029019838e-09,
        1.184906851000666e-08,
        1.4737406155824812e-08,
        1.8329807108324374e-08,
        2.2797894356435672e-08,
        2.835512583496652e-08,
        3.526699214174659e-08,
        4.3863700057795366e-08,
        5.455594781168526e-08,
        6.785454573393582e-08,
        8.439481965654007e-08,
        1.0496696290308786e-07,
        1.3055378690230302e-07,
        1.623776739188721e-07,
        2.019589750164382e-07,
        2.5118864315095823e-07,
        3.1241857136026677e-07,
        3.8857395185709763e-07,
        4.832930238571752e-07,
        6.011008864405581e-07,
        7.476256801637695e-07,
        9.298674652605272e-07,
        1.1565326417902512e-06,
        1.438449888287663e-06,
        1.789087489923219e-06,
        2.2251967709560307e-06,
        2.767612370754231e-06,
        3.4422475956860927e-06,
        4.281332398719396e-06,
        5.324953129837531e-06,
        6.622967617148325e-06,
        8.237387069571029e-06,
        1.0245338593872244e-05,
        1.2742749857031348e-05,
        1.584893192461114e-05,
        1.971227921517696e-05,
        2.4517358879792867e-05,
        3.0493728293872646e-05,
        3.792690190732254e-05,
        4.717199138213301e-05,
        5.867067065993104e-05,
        7.297227644686393e-05,
        9.076005216818141e-05,
        0.00011288378916846884,
        0.00014040042455483145,
        0.00017462453520016174,
        0.00021719114020174305,
        0.000270133812113301,
        0.0003359818286283788,
        0.0004178810060294227,
        0.0005197439870872015,
        0.0006464371632490066,
        0.0008040131611167858,
        0.001
      ]
    },
    "inner_splits": 3,
    "max_grid_values": null,
    "max_rows": null,
    "model_id": "df_naive_bayes",
    "outer_splits": 5,
    "random_state": 42,
    "repeats": [
      1,
      2,
      3
    ],
    "representation": "DF",
    "schema_version": 1,
    "use_tfidf": false
  },
  "signature_id": "a25d93e8584291a6",
  "total_folds": 15,
  "updated_at": "2026-05-20T21:14:12.164498+00:00"
}
