{
  "aggregate": {
    "accuracy_mean": 0.5872544980085153,
    "accuracy_std": 0.009842617416135208,
    "confusion_matrix_sum": [
      [
        5765,
        852,
        346
      ],
      [
        6644,
        9190,
        2817
      ],
      [
        899,
        3468,
        6424
      ]
    ],
    "labels": [
      2,
      3,
      4
    ],
    "macro_f1_mean": 0.5902792396617371,
    "macro_f1_std": 0.009155064147955128,
    "precision_macro_mean": 0.5948655023977952,
    "precision_macro_std": 0.00940096672071505,
    "recall_macro_mean": 0.6386669362510946,
    "recall_macro_std": 0.008067691660929606
  },
  "algorithm": "naive_bayes",
  "checkpoint": {
    "checkpoint_dir": "experiments/df_naive_bayes/checkpoints/a25d93e8584291a6",
    "completed_folds": 15,
    "signature_id": "a25d93e8584291a6",
    "total_folds": 15
  },
  "folds": [
    {
      "accuracy": 0.6023897816234034,
      "algorithm": "naive_bayes",
      "confusion_matrix": [
        [
          378,
          63,
          24
        ],
        [
          423,
          638,
          182
        ],
        [
          68,
          205,
          446
        ]
      ],
      "elapsed_seconds": 75.301,
      "fold_id": "r1_f1",
      "inner_best_macro_f1": 0.5955084609645286,
      "labels": [
        2,
        3,
        4
      ],
      "macro_f1": 0.6037003895795154,
      "model_id": "df_naive_bayes",
      "n_test": 2427,
      "n_train": 9708,
      "outer_fold": 1,
      "precision_macro": 0.6077420263401533,
      "recall_macro": 0.648827847539383,
      "repeat_seed": 1,
      "representation": "DF"
    },
    {
      "accuracy": 0.5747836835599506,
      "algorithm": "naive_bayes",
      "confusion_matrix": [
        [
          384,
          47,
          33
        ],
        [
          439,
          576,
          229
        ],
        [
          63,
          221,
          435
        ]
      ],
      "elapsed_seconds": 77.129,
      "fold_id": "r1_f2",
      "inner_best_macro_f1": 0.5844393129839576,
      "labels": [
        2,
        3,
        4
      ],
      "macro_f1": 0.5783399354936467,
      "model_id": "df_naive_bayes",
      "n_test": 2427,
      "n_train": 9708,
      "outer_fold": 2,
      "precision_macro": 0.5799921109036451,
      "recall_macro": 0.6318718896793526,
      "repeat_seed": 1,
      "representation": "DF"
    },
    {
      "accuracy": 0.5871446229913473,
      "algorithm": "naive_bayes",
      "confusion_matrix": [
        [
          387,
          50,
          27
        ],
        [
          463,
          602,
          179
        ],
        [
          50,
          233,
          436
        ]
      ],
      "elapsed_seconds": 77.706,
      "fold_id": "r1_f3",
      "inner_best_macro_f1": 0.5944087884866613,
      "labels": [
        2,
        3,
        4
      ],
      "macro_f1": 0.5912259213704767,
      "model_id": "df_naive_bayes",
      "n_test": 2427,
      "n_train": 9708,
      "outer_fold": 3,
      "precision_macro": 0.5964512381857543,
      "recall_macro": 0.64145744280233,
      "repeat_seed": 1,
      "representation": "DF"
    },
    {
      "accuracy": 0.5789039967037495,
      "algorithm": "naive_bayes",
      "confusion_matrix": [
        [
          387,
          57,
          20
        ],
        [
          469,
          603,
          171
        ],
        [
          58,
          247,
          415
        ]
      ],
      "elapsed_seconds": 77.888,
      "fold_id": "r1_f4",
      "inner_best_macro_f1": 0.5896314536427094,
      "labels": [
        2,
        3,
        4
      ],
      "macro_f1": 0.5828521722479341,
      "model_id": "df_naive_bayes",
      "n_test": 2427,
      "n_train": 9708,
      "outer_fold": 4,
      "precision_macro": 0.5910203851779222,
      "recall_macro": 0.631852422095022,
      "repeat_seed": 1,
      "representation": "DF"
    },
    {
      "accuracy": 0.6023897816234034,
      "algorithm": "naive_bayes",
      "confusion_matrix": [
        [
          388,
          60,
          16
        ],
        [
          402,
          655,
          186
        ],
        [
          61,
          240,
          419
        ]
      ],
      "elapsed_seconds": 77.698,
      "fold_id": "r1_f5",
      "inner_best_macro_f1": 0.5939944281151474,
      "labels": [
        2,
        3,
        4
      ],
      "macro_f1": 0.6036724049164155,
      "model_id": "df_naive_bayes",
      "n_test": 2427,
      "n_train": 9708,
      "outer_fold": 5,
      "precision_macro": 0.6055054219558355,
      "recall_macro": 0.6483674220590608,
      "repeat_seed": 1,
      "representation": "DF"
    },
    {
      "accuracy": 0.595797280593325,
      "algorithm": "naive_bayes",
      "confusion_matrix": [
        [
          395,
          47,
          23
        ],
        [
          422,
          614,
          207
        ],
        [
          53,
          229,
          437
        ]
      ],
      "elapsed_seconds": 77.554,
      "fold_id": "r2_f1",
      "inner_best_macro_f1": 0.6010517957904536,
      "labels": [
        2,
        3,
        4
      ],
      "macro_f1": 0.5993556285596299,
      "model_id": "df_naive_bayes",
      "n_test": 2427,
      "n_train": 9708,
      "outer_fold": 1,
      "precision_macro": 0.5996943475827629,
      "recall_macro": 0.6504057238809926,
      "repeat_seed": 2,
      "representation": "DF"
    },
    {
      "accuracy": 0.5838483724763082,
      "algorithm": "naive_bayes",
      "confusion_matrix": [
        [
          383,
          56,
          25
        ],
        [
          471,
          610,
          163
        ],
        [
          59,
          236,
          424
        ]
      ],
      "elapsed_seconds": 77.609,
      "fold_id": "r2_f2",
      "inner_best_macro_f1": 0.5817967899329703,
      "labels": [
        2,
        3,
        4
      ],
      "macro_f1": 0.58729875238312,
      "model_id": "df_naive_bayes",
      "n_test": 2427,
      "n_train": 9708,
      "outer_fold": 2,
      "precision_macro": 0.5961938561893619,
      "recall_macro": 0.6351642199697615,
      "repeat_seed": 2,
      "representation": "DF"
    },
    {
      "accuracy": 0.5941491553358055,
      "algorithm": "naive_bayes",
      "confusion_matrix": [
        [
          371,
          76,
          17
        ],
        [
          430,
          640,
          174
        ],
        [
          58,
          230,
          431
        ]
      ],
      "elapsed_seconds": 76.944,
      "fold_id": "r2_f3",
      "inner_best_macro_f1": 0.5984281346249611,
      "labels": [
        2,
        3,
        4
      ],
      "macro_f1": 0.5960417747981721,
      "model_id": "df_naive_bayes",
      "n_test": 2427,
      "n_train": 9708,
      "outer_fold": 3,
      "precision_macro": 0.600452123289653,
      "recall_macro": 0.6378273635532631,
      "repeat_seed": 2,
      "representation": "DF"
    },
    {
      "accuracy": 0.5797280593325093,
      "algorithm": "naive_bayes",
      "confusion_matrix": [
        [
          377,
          69,
          18
        ],
        [
          420,
          613,
          210
        ],
        [
          62,
          241,
          417
        ]
      ],
      "elapsed_seconds": 77.892,
      "fold_id": "r2_f4",
      "inner_best_macro_f1": 0.5993624657117421,
      "labels": [
        2,
        3,
        4
      ],
      "macro_f1": 0.5823087268543014,
      "model_id": "df_naive_bayes",
      "n_test": 2427,
      "n_train": 9708,
      "outer_fold": 4,
      "precision_macro": 0.5831775758501394,
      "recall_macro": 0.6282761240725843,
      "repeat_seed": 2,
      "representation": "DF"
    },
    {
      "accuracy": 0.5756077461887104,
      "algorithm": "naive_bayes",