{
  "aggregate": {
    "accuracy_mean": 0.5874193105342672,
    "accuracy_std": 0.009973816766162102,
    "confusion_matrix_sum": [
      [
        5765,
        854,
        344
      ],
      [
        6638,
        9187,
        2826
      ],
      [
        898,
        3460,
        6433
      ]
    ],
    "labels": [
      2,
      3,
      4
    ],
    "macro_f1_mean": 0.5904702793143987,
    "macro_f1_std": 0.009306388007933087,
    "precision_macro_mean": 0.5949595043423431,
    "precision_macro_std": 0.009478906454534999,
    "recall_macro_mean": 0.6388914379433763,
    "recall_macro_std": 0.008214406459746776
  },
  "algorithm": "naive_bayes",
  "checkpoint": {
    "checkpoint_dir": "experiments/df_naive_bayes/checkpoints/d3eab651c75aca32",
    "completed_folds": 15,
    "signature_id": "d3eab651c75aca32",
    "total_folds": 15
  },
  "folds": [
    {
      "accuracy": 0.6023897816234034,
      "algorithm": "naive_bayes",
      "confusion_matrix": [
        [
          378,
          63,
          24
        ],
        [
          423,
          638,
          182
        ],
        [
          68,
          205,
          446
        ]
      ],
      "elapsed_seconds": 19.155,
      "fold_id": "r1_f1",
      "inner_best_macro_f1": 0.5954940617638343,
      "labels": [
        2,
        3,
        4
      ],
      "macro_f1": 0.6037003895795154,
      "model_id": "df_naive_bayes",
      "n_test": 2427,
      "n_train": 9708,
      "outer_fold": 1,
      "precision_macro": 0.6077420263401533,
      "recall_macro": 0.648827847539383,
      "repeat_seed": 1,
      "representation": "DF"
    },
    {
      "accuracy": 0.5747836835599506,
      "algorithm": "naive_bayes",
      "confusion_matrix": [
        [
          384,
          47,
          33
        ],
        [
          439,
          576,
          229
        ],
        [
          63,
          221,
          435
        ]
      ],
      "elapsed_seconds": 19.425,
      "fold_id": "r1_f2",
      "inner_best_macro_f1": 0.5844393129839576,
      "labels": [
        2,
        3,
        4
      ],
      "macro_f1": 0.5783399354936467,
      "model_id": "df_naive_bayes",
      "n_test": 2427,
      "n_train": 9708,
      "outer_fold": 2,
      "precision_macro": 0.5799921109036451,
      "recall_macro": 0.6318718896793526,
      "repeat_seed": 1,
      "representation": "DF"
    },
    {
      "accuracy": 0.5875566543057272,
      "algorithm": "naive_bayes",
      "confusion_matrix": [
        [
          387,
          50,
          27
        ],
        [
          462,
          603,
          179
        ],
        [
          50,
          233,
          436
        ]
      ],
      "elapsed_seconds": 19.609,
      "fold_id": "r1_f3",
      "inner_best_macro_f1": 0.5943226036525636,
      "labels": [
        2,
        3,
        4
      ],
      "macro_f1": 0.5915891834900432,
      "model_id": "df_naive_bayes",
      "n_test": 2427,
      "n_train": 9708,
      "outer_fold": 3,
      "precision_macro": 0.5967309808461293,
      "recall_macro": 0.6417253956426302,
      "repeat_seed": 1,
      "representation": "DF"
    },
    {
      "accuracy": 0.5789039967037495,
      "algorithm": "naive_bayes",
      "confusion_matrix": [
        [
          387,
          57,
          20
        ],
        [
          469,
          603,
          171
        ],
        [
          58,
          247,
          415
        ]
      ],
      "elapsed_seconds": 19.742,
      "fold_id": "r1_f4",
      "inner_best_macro_f1": 0.5896170095417532,
      "labels": [
        2,
        3,
        4
      ],
      "macro_f1": 0.5828521722479341,
      "model_id": "df_naive_bayes",
      "n_test": 2427,
      "n_train": 9708,
      "outer_fold": 4,
      "precision_macro": 0.5910203851779222,
      "recall_macro": 0.631852422095022,
      "repeat_seed": 1,
      "representation": "DF"
    },
    {
      "accuracy": 0.6023897816234034,
      "algorithm": "naive_bayes",
      "confusion_matrix": [
        [
          388,
          60,
          16
        ],
        [
          402,
          655,
          186
        ],
        [
          61,
          240,
          419
        ]
      ],
      "elapsed_seconds": 19.82,
      "fold_id": "r1_f5",
      "inner_best_macro_f1": 0.593978095241739,
      "labels": [
        2,
        3,
        4
      ],
      "macro_f1": 0.6036724049164155,
      "model_id": "df_naive_bayes",
      "n_test": 2427,
      "n_train": 9708,
      "outer_fold": 5,
      "precision_macro": 0.6055054219558355,
      "recall_macro": 0.6483674220590608,
      "repeat_seed": 1,
      "representation": "DF"
    },
    {
      "accuracy": 0.5949732179645653,
      "algorithm": "naive_bayes",
      "confusion_matrix": [
        [
          395,
          48,
          22
        ],
        [
          422,
          610,
          211
        ],
        [
          53,
          227,
          439
        ]
      ],
      "elapsed_seconds": 19.801,
      "fold_id": "r2_f1",
      "inner_best_macro_f1": 0.6008421669040941,
      "labels": [
        2,
        3,
        4
      ],
      "macro_f1": 0.5987563818093229,
      "model_id": "df_naive_bayes",
      "n_test": 2427,
      "n_train": 9708,
      "outer_fold": 1,
      "precision_macro": 0.5988541115842402,
      "recall_macro": 0.6502602639647104,
      "repeat_seed": 2,
      "representation": "DF"
    },
    {
      "accuracy": 0.5838483724763082,
      "algorithm": "naive_bayes",
      "confusion_matrix": [
        [
          383,
          56,
          25
        ],
        [
          471,
          610,
          163
        ],
        [
          59,
          236,
          424
        ]
      ],
      "elapsed_seconds": 19.873,
      "fold_id": "r2_f2",
      "inner_best_macro_f1": 0.5817967899329703,
      "labels": [
        2,
        3,
        4
      ],
      "macro_f1": 0.58729875238312,
      "model_id": "df_naive_bayes",
      "n_test": 2427,
      "n_train": 9708,
      "outer_fold": 2,
      "precision_macro": 0.5961938561893619,
      "recall_macro": 0.6351642199697615,
      "repeat_seed": 2,
      "representation": "DF"
    },
    {
      "accuracy": 0.5941491553358055,
      "algorithm": "naive_bayes",
      "confusion_matrix": [
        [
          371,
          76,
          17
        ],
        [
          430,
          640,
          174
        ],
        [
          58,
          230,
          431
        ]
      ],
      "elapsed_seconds": 19.767,
      "fold_id": "r2_f3",
      "inner_best_macro_f1": 0.5983175780774047,
      "labels": [
        2,
        3,
        4
      ],
      "macro_f1": 0.5960417747981721,
      "model_id": "df_naive_bayes",
      "n_test": 2427,
      "n_train": 9708,
      "outer_fold": 3,
      "precision_macro": 0.600452123289653,
      "recall_macro": 0.6378273635532631,
      "repeat_seed": 2,
      "representation": "DF"
    },
    {
      "accuracy": 0.5797280593325093,
      "algorithm": "naive_bayes",
      "confusion_matrix": [
        [
          378,
          68,
          18
        ],
        [
          421,
          612,
          210
        ],
        [
          62,
          241,
          417
        ]
      ],
      "elapsed_seconds": 19.784,
      "fold_id": "r2_f4",
      "inner_best_macro_f1": 0.5994145767176133,
      "labels": [
        2,
        3,
        4
      ],
      "macro_f1": 0.5823914241282497,
      "model_id": "df_naive_bayes",
      "n_test": 2427,
      "n_train": 9708,
      "outer_fold": 4,
      "precision_macro": 0.5833437107191313,
      "recall_macro": 0.6287263464674205,
      "repeat_seed": 2,
      "representation": "DF"
    },
    {
      "accuracy": 0.5760197775030902,
      "algorithm": "naive_bayes",