{
  "ensembles": [
    {
      "voting_id": "voting_top3_BC",
      "description": "Top-3 modelos BC",
      "members": [
        "bc_gradient_boosting",
        "bc_random_forest",
        "bc_logistic_regression"
      ],
      "n_members": 3,
      "n_folds": 15,
      "status": "ok",
      "aggregate": {
        "macro_f1_mean": 0.6463311467614253,
        "macro_f1_std": 0.013659827982376907,
        "accuracy_mean": 0.6545529460238979,
        "accuracy_std": 0.01348671079386436,
        "precision_macro_mean": 0.6397460006470379,
        "precision_macro_std": 0.01331103647689408,
        "recall_macro_mean": 0.6591369745015884,
        "recall_macro_std": 0.014251661834719402,
        "confusion_matrix_sum": [
          [
            4636,
            2265,
            62
          ],
          [
            3580,
            11958,
            3113
          ],
          [
            519,
            3037,
            7235
          ]
        ],
        "labels": [
          2,
          3,
          4
        ]
      }
    },
    {
      "aggregate": {
        "accuracy_mean": 0.6407911001236095,
        "accuracy_std": 0.010035068369699439,
        "confusion_matrix_sum": [
          [
            3416,
            3412,
            135
          ],
          [
            2886,
            13126,
            2639
          ],
          [
            457,
            3548,
            6786
          ]
        ],
        "labels": [
          2,
          3,
          4
        ],
        "macro_f1_mean": 0.6140488849305877,
        "macro_f1_std": 0.011320136532418215,
        "precision_macro_mean": 0.6230441280959319,
        "precision_macro_std": 0.01167147484108667,
        "recall_macro_mean": 0.6077381650838584,
        "recall_macro_std": 0.01163914650625536
      },
      "description": "Top-5 modelos BC",
      "members": [
        "bc_gradient_boosting",
        "bc_logistic_regression",
        "bc_linear_svc",
        "bc_naive_bayes",
        "bc_random_forest"
      ],
      "voting_id": "voting_top5_BC"
    },
    {
      "voting_id": "voting_top3_DF",
      "description": "Top-3 modelos DF",
      "members": [
        "df_gradient_boosting",
        "df_random_forest",
        "df_decision_tree"
      ],
      "n_members": 3,
      "n_folds": 15,
      "status": "ok",
      "aggregate": {
        "macro_f1_mean": 0.6941098260915771,
        "macro_f1_std": 0.009646221773676808,
        "accuracy_mean": 0.7080071418761159,
        "accuracy_std": 0.008829765649863448,
        "precision_macro_mean": 0.7142559095544634,
        "precision_macro_std": 0.009712969864139888,
        "recall_macro_mean": 0.6946356631874157,
        "recall_macro_std": 0.012556489747789387,
        "confusion_matrix_sum": [
          [
            4922,
            1983,
            58
          ],
          [
            3455,
            14222,
            974
          ],
          [
            301,
            3859,
            6631
          ]
        ],
        "labels": [
          2,
          3,
          4
        ]
      }
    },
    {
      "voting_id": "voting_top5_DF",
      "description": "Top-5 modelos DF",
      "members": [
        "df_gradient_boosting",
        "df_random_forest",
        "df_decision_tree",
        "df_logistic_regression",
        "df_linear_svc"
      ],
      "n_members": 5,
      "n_folds": 15,
      "status": "ok",
      "aggregate": {
        "macro_f1_mean": 0.6938513618835936,
        "macro_f1_std": 0.008040518626967502,
        "accuracy_mean": 0.7089960170306276,
        "accuracy_std": 0.007316919564581831,
        "precision_macro_mean": 0.7103940489369709,
        "precision_macro_std": 0.00685895275425688,
        "recall_macro_mean": 0.6914843507356416,
        "recall_macro_std": 0.009244697673384998,
        "confusion_matrix_sum": [
          [
            4723,
            2190,
            50
          ],
          [
            3157,
            14290,
            1204
          ],
          [
            286,
            3707,
            6798
          ]
        ],
        "labels": [
          2,
          3,
          4
        ]
      }
    },
    {
      "voting_id": "voting_top3_BC_DF",
      "description": "Top-3 BC + Top-3 DF",
      "members": [
        "bc_gradient_boosting",
        "bc_random_forest",
        "bc_logistic_regression",
        "df_gradient_boosting",
        "df_random_forest",
        "df_decision_tree"
      ],
      "n_members": 6,
      "n_folds": 15,
      "status": "ok",
      "aggregate": {
        "macro_f1_mean": 0.6938345513238852,
        "macro_f1_std": 0.009736414837438844,
        "accuracy_mean": 0.7067161104243921,
        "accuracy_std": 0.008893442888695379,
        "precision_macro_mean": 0.708426221655365,
        "precision_macro_std": 0.009136892828003463,
        "recall_macro_mean": 0.6971662417634406,
        "recall_macro_std": 0.01180934031449503,
        "confusion_matrix_sum": [
          [
            4974,
            1952,
            37
          ],
          [
            3484,
            13984,
            1183
          ],
          [
            395,
            3626,
            6770
          ]
        ],
        "labels": [
          2,
          3,
          4
        ]
      }
    },
    {
      "voting_id": "voting_all",
      "description": "Todos os modelos disponíveis",
      "members": [
        "bc_decision_tree",
        "bc_gradient_boosting",
        "bc_linear_svc",
        "bc_logistic_regression",
        "bc_naive_bayes",
        "bc_random_forest",
        "df_decision_tree",
        "df_gradient_boosting",
        "df_linear_svc",
        "df_logistic_regression",
        "df_naive_bayes",
        "df_random_forest"
      ],
      "n_members": 12,
      "n_folds": 15,
      "status": "ok",
      "aggregate": {
        "macro_f1_mean": 0.6895342914762536,
        "macro_f1_std": 0.0099600732840419,
        "accuracy_mean": 0.7010300782859498,
        "accuracy_std": 0.009590940015925382,
        "precision_macro_mean": 0.6953367821057267,
        "precision_macro_std": 0.0098332025129268,
        "recall_macro_mean": 0.6954220149950264,
        "recall_macro_std": 0.010798606626475731,
        "confusion_matrix_sum": [
          [
            4922,
            1987,
            54
          ],
          [
            3476,
            13559,
            1616
          ],
          [
            399,
            3352,
            7040
          ]
        ],
        "labels": [
          2,
          3,
          4
        ]
      }
    }
  ]
}
