{
  "ensembles": [
    {
      "voting_id": "voting_top3",
      "description": "Top-3 modelos globais por macro-F1",
      "members": [
        "df_gradient_boosting",
        "df_random_forest",
        "df_decision_tree"
      ],
      "n_members": 3,
      "n_folds": 15,
      "status": "ok",
      "aggregate": {
        "macro_f1_mean": 0.6941098260915771,
        "macro_f1_std": 0.009646221773676808,
        "accuracy_mean": 0.7080071418761159,
        "accuracy_std": 0.008829765649863448,
        "precision_macro_mean": 0.7142559095544634,
        "precision_macro_std": 0.009712969864139888,
        "recall_macro_mean": 0.6946356631874157,
        "recall_macro_std": 0.012556489747789387,
        "confusion_matrix_sum": [
          [
            4922,
            1983,
            58
          ],
          [
            3455,
            14222,
            974
          ],
          [
            301,
            3859,
            6631
          ]
        ],
        "labels": [
          2,
          3,
          4
        ]
      }
    },
    {
      "voting_id": "voting_top5",
      "description": "Top-5 modelos globais por macro-F1",
      "members": [
        "df_gradient_boosting",
        "df_random_forest",
        "df_decision_tree",
        "df_logistic_regression",
        "df_linear_svc"
      ],
      "n_members": 5,
      "n_folds": 15,
      "status": "ok",
      "aggregate": {
        "macro_f1_mean": 0.6931811561381067,
        "macro_f1_std": 0.007568141948809552,
        "accuracy_mean": 0.7082268919104517,
        "accuracy_std": 0.006915442528682188,
        "precision_macro_mean": 0.7099826963759421,
        "precision_macro_std": 0.006859973645193418,
        "recall_macro_mean": 0.6910003465458356,
        "recall_macro_std": 0.00876304138377057,
        "confusion_matrix_sum": [
          [
            4737,
            2176,
            50
          ],
          [
            3174,
            14279,
            1198
          ],
          [
            287,
            3737,
            6767
          ]
        ],
        "labels": [
          2,
          3,
          4
        ]
      }
    },
    {
      "voting_id": "voting_top7",
      "description": "Top-7 modelos globais por macro-F1",
      "members": [
        "df_gradient_boosting",
        "df_random_forest",
        "df_decision_tree",
        "df_logistic_regression",
        "df_linear_svc",
        "bc_gradient_boosting",
        "bc_random_forest"
      ],
      "n_members": 7,
      "n_folds": 15,
      "status": "ok",
      "aggregate": {
        "macro_f1_mean": 0.6936151652708552,
        "macro_f1_std": 0.008515076599153279,
        "accuracy_mean": 0.7070732042301882,
        "accuracy_std": 0.00800545392801333,
        "precision_macro_mean": 0.7054589752736911,
        "precision_macro_std": 0.008995801767816827,
        "recall_macro_mean": 0.6938871215849457,
        "recall_macro_std": 0.009590057415499162,
        "confusion_matrix_sum": [
          [
            4791,
            2130,
            42
          ],
          [
            3241,
            14028,
            1382
          ],
          [
            296,
            3573,
            6922
          ]
        ],
        "labels": [
          2,
          3,
          4
        ]
      }
    }
  ]
}
