{
  "voting_id": "voting_top5_BC",
  "description": "Top-5 modelos BC",
  "members": [
    "bc_gradient_boosting",
    "bc_random_forest",
    "bc_logistic_regression",
    "bc_linear_svc",
    "bc_naive_bayes"
  ],
  "n_members": 5,
  "n_folds": 15,
  "status": "ok",
  "aggregate": {
    "macro_f1_mean": 0.6449994212169952,
    "macro_f1_std": 0.010452179999202215,
    "accuracy_mean": 0.6503227578629309,
    "accuracy_std": 0.009966519147129245,
    "precision_macro_mean": 0.6361995052230874,
    "precision_macro_std": 0.009852092011017057,
    "recall_macro_mean": 0.6657620243623664,
    "recall_macro_std": 0.011988931573688643,
    "confusion_matrix_sum": [
      [
        4886,
        2006,
        71
      ],
      [
        4003,
        11410,
        3238
      ],
      [
        607,
        2805,
        7379
      ]
    ],
    "labels": [
      2,
      3,
      4
    ]
  },
  "folds": [
    {
      "fold_id": "r1_f1",
      "n_test": 2427,
      "macro_f1": 0.6494229447188459,
      "accuracy": 0.6551297898640297,
      "precision_macro": 0.639921366296251,
      "recall_macro": 0.6727706043018925,
      "confusion_matrix": [
        [
          337,
          124,
          4
        ],
        [
          247,
          766,
          230
        ],
        [
          62,
          170,
          487
        ]
      ],
      "labels": [
        2,
        3,
        4
      ]
    },
    {
      "fold_id": "r1_f2",
      "n_test": 2427,
      "macro_f1": 0.644965293064886,
      "accuracy": 0.6522455706633704,
      "precision_macro": 0.6361651247659506,
      "recall_macro": 0.6613182118026937,
      "confusion_matrix": [
        [
          308,
          154,
          2
        ],
        [
          251,
          772,
          221
        ],
        [
          36,
          180,
          503
        ]
      ],
      "labels": [
        2,
        3,
        4
      ]
    },
    {
      "fold_id": "r1_f3",
      "n_test": 2427,
      "macro_f1": 0.6402724613802536,
      "accuracy": 0.6452410383189122,
      "precision_macro": 0.63132958459451,
      "recall_macro": 0.6618178267144574,
      "confusion_matrix": [
        [
          324,
          131,
          9
        ],
        [
          280,
          750,
          214
        ],
        [
          36,
          191,
          492
        ]
      ],
      "labels": [
        2,
        3,
        4
      ]
    },
    {
      "fold_id": "r1_f4",
      "n_test": 2427,
      "macro_f1": 0.6446917823515145,
      "accuracy": 0.6481252575195715,
      "precision_macro": 0.6370479652887439,
      "recall_macro": 0.6655097794135023,
      "confusion_matrix": [
        [
          334,
          127,
          3
        ],
        [
          284,
          760,
          199
        ],
        [
          29,
          212,
          479
        ]
      ],
      "labels": [
        2,
        3,
        4
      ]
    },
    {
      "fold_id": "r1_f5",
      "n_test": 2427,
      "macro_f1": 0.6612469877401841,
      "accuracy": 0.6658426040379068,
      "precision_macro": 0.6518825221917042,
      "recall_macro": 0.6837595130431566,
      "confusion_matrix": [
        [
          342,
          116,
          6
        ],
        [
          258,
          779,
          206
        ],
        [
          41,
          184,
          495
        ]
      ],
      "labels": [
        2,
        3,
        4
      ]
    },
    {
      "fold_id": "r2_f1",
      "n_test": 2427,
      "macro_f1": 0.6324306095100356,
      "accuracy": 0.6357643180881747,
      "precision_macro": 0.6228998844307259,
      "recall_macro": 0.659429008749063,
      "confusion_matrix": [
        [
          331,
          129,
          5
        ],
        [
          290,
          715,
          238
        ],
        [
          49,
          173,
          497
        ]
      ],
      "labels": [
        2,
        3,
        4
      ]
    },
    {
      "fold_id": "r2_f2",
      "n_test": 2427,
      "macro_f1": 0.6584844983827239,
      "accuracy": 0.6629583848372477,
      "precision_macro": 0.6487546880874177,
      "recall_macro": 0.6795459347579361,
      "confusion_matrix": [
        [
          333,
          127,
          4
        ],
        [
          260,
          773,
          211
        ],
        [
          33,
          183,
          503
        ]
      ],
      "labels": [
        2,
        3,
        4
      ]
    },
    {
      "fold_id": "r2_f3",
      "n_test": 2427,
      "macro_f1": 0.6478674907556865,
      "accuracy": 0.6547177585496498,
      "precision_macro": 0.6399534378690347,
      "recall_macro": 0.6657511536326519,
      "confusion_matrix": [
        [
          326,
          133,
          5
        ],
        [
          247,
          787,
          210
        ],
        [
          47,
          196,
          476
        ]
      ],
      "labels": [
        2,
        3,
        4
      ]
    },
    {
      "fold_id": "r2_f4",
      "n_test": 2427,
      "macro_f1": 0.6382259876422256,
      "accuracy": 0.6431808817470128,
      "precision_macro": 0.6292707098399525,
      "recall_macro": 0.6598239027442567,
      "confusion_matrix": [
        [
          319,
          142,
          3
        ],
        [
          283,
          741,
          219
        ],
        [
          38,
          181,
          501
        ]
      ],
      "labels": [
        2,
        3,
        4
      ]
    },
    {
      "fold_id": "r2_f5",
      "n_test": 2427,
      "macro_f1": 0.6408819511199654,
      "accuracy": 0.6468891635764318,
      "precision_macro": 0.6322864227275992,
      "recall_macro": 0.6599734117700246,
      "confusion_matrix": [
        [
          317,
          143,
          4
        ],
        [
          268,
          759,
          216
        ],
        [
          39,
          187,
          494
        ]
      ],
      "labels": [
        2,
        3,
        4
      ]
    },
    {
      "fold_id": "r3_f1",
      "n_test": 2427,
      "macro_f1": 0.6371111100383104,
      "accuracy": 0.6444169756901524,
      "precision_macro": 0.6288157816506991,
      "recall_macro": 0.6539014092098137,
      "confusion_matrix": [
        [
          307,
          153,
          5
        ],
        [
          263,
          762,
          218
        ],
        [
          38,
          186,
          495
        ]
      ],
      "labels": [
        2,
        3,
        4
      ]
    },
    {
      "fold_id": "r3_f2",
      "n_test": 2427,
      "macro_f1": 0.6453307910380952,
      "accuracy": 0.6497733827770911,
      "precision_macro": 0.6357037252968728,
      "recall_macro": 0.6653114043535454,
      "confusion_matrix": [
        [
          320,
          139,
          5
        ],
        [
          274,
          753,
          217
        ],
        [
          25,
          190,
          504
        ]
      ],
      "labels": [
        2,
        3,
        4
      ]
    },
    {
      "fold_id": "r3_f3",
      "n_test": 2427,
      "macro_f1": 0.6592645571005429,
      "accuracy": 0.6629583848372477,
      "precision_macro": 0.6493457694254643,
      "recall_macro": 0.6829355201965583,
      "confusion_matrix": [
        [
          344,
          117,
          3
        ],
        [
          259,
          770,
          215
        ],
        [
          41,
          183,
          495
        ]
      ],
      "labels": [
        2,
        3,
        4
      ]
    },
    {
      "fold_id": "r3_f4",
      "n_test": 2427,
      "macro_f1": 0.652080595288593,
      "accuracy": 0.6571899464359291,
      "precision_macro": 0.6431010920218406,
      "recall_macro": 0.6763399815467256,
      "confusion_matrix": [
        [
          335,
          119,
          10
        ],
        [
          278,
          758,
          207
        ],
        [
          44,
          174,
          502
        ]
      ],