{
  "aggregate": {
    "accuracy_mean": 0.6407911001236095,
    "accuracy_std": 0.010035068369699439,
    "confusion_matrix_sum": [
      [
        3416,
        3412,
        135
      ],
      [
        2886,
        13126,
        2639
      ],
      [
        457,
        3548,
        6786
      ]
    ],
    "labels": [
      2,
      3,
      4
    ],
    "macro_f1_mean": 0.6140488849305877,
    "macro_f1_std": 0.011320136532418215,
    "precision_macro_mean": 0.6230441280959319,
    "precision_macro_std": 0.01167147484108667,
    "recall_macro_mean": 0.6077381650838584,
    "recall_macro_std": 0.01163914650625536
  },
  "description": "Top-5 modelos BC",
  "folds": [
    {
      "accuracy": 0.6456530696332922,
      "confusion_matrix": [
        [
          244,
          212,
          9
        ],
        [
          192,
          868,
          183
        ],
        [
          42,
          222,
          455
        ]
      ],
      "fold_id": "r1_f1",
      "labels": [
        2,
        3,
        4
      ],
      "macro_f1": 0.6219325933570129,
      "n_test": 2427,
      "precision_macro": 0.6267908891087642,
      "recall_macro": 0.618621695866672
    },
    {
      "accuracy": 0.6353522867737948,
      "confusion_matrix": [
        [
          199,
          255,
          10
        ],
        [
          183,
          877,
          184
        ],
        [
          22,
          231,
          466
        ]
      ],
      "fold_id": "r1_f2",
      "labels": [
        2,
        3,
        4
      ],
      "macro_f1": 0.6023938005322721,
      "n_test": 2427,
      "precision_macro": 0.6140228219447036,
      "recall_macro": 0.5939952084619381
    },
    {
      "accuracy": 0.6493613514627111,
      "confusion_matrix": [
        [
          240,
          217,
          7
        ],
        [
          202,
          876,
          166
        ],
        [
          26,
          233,
          460
        ]
      ],
      "fold_id": "r1_f3",
      "labels": [
        2,
        3,
        4
      ],
      "macro_f1": 0.6257356314217808,
      "n_test": 2427,
      "precision_macro": 0.6333840864088982,
      "recall_macro": 0.6203996374418544
    },
    {
      "accuracy": 0.6365883807169345,
      "confusion_matrix": [
        [
          237,
          221,
          6
        ],
        [
          204,
          874,
          165
        ],
        [
          20,
          266,
          434
        ]
      ],
      "fold_id": "r1_f4",
      "labels": [
        2,
        3,
        4
      ],
      "macro_f1": 0.6129339112175387,
      "n_test": 2427,
      "precision_macro": 0.624543342133054,
      "recall_macro": 0.6055637367469836
    },
    {
      "accuracy": 0.6378244746600742,
      "confusion_matrix": [
        [
          229,
          224,
          11
        ],
        [
          197,
          873,
          173
        ],
        [
          40,
          234,
          446
        ]
      ],
      "fold_id": "r1_f5",
      "labels": [
        2,
        3,
        4
      ],
      "macro_f1": 0.610511845780663,
      "n_test": 2427,
      "precision_macro": 0.6184168793788203,
      "recall_macro": 0.6051039974559962
    },
    {
      "accuracy": 0.638648537288834,
      "confusion_matrix": [
        [
          226,
          231,
          8
        ],
        [
          191,
          867,
          185
        ],
        [
          34,
          228,
          457
        ]
      ],
      "fold_id": "r2_f1",
      "labels": [
        2,
        3,
        4
      ],
      "macro_f1": 0.6120204003356483,
      "n_test": 2427,
      "precision_macro": 0.6193439081243959,
      "recall_macro": 0.6063775153732222
    },
    {
      "accuracy": 0.646477132262052,
      "confusion_matrix": [
        [
          230,
          222,
          12
        ],
        [
          180,
          883,
          181
        ],
        [
          23,
          240,
          456
        ]
      ],
      "fold_id": "r2_f2",
      "labels": [
        2,
        3,
        4
      ],
      "macro_f1": 0.6205346089471234,
      "n_test": 2427,
      "precision_macro": 0.6301009399304357,
      "recall_macro": 0.613236971832452
    },
    {
      "accuracy": 0.6361763494025546,
      "confusion_matrix": [
        [
          234,
          220,
          10
        ],
        [
          179,
          883,
          182
        ],
        [
          40,
          252,
          427
        ]
      ],
      "fold_id": "r2_f3",
      "labels": [
        2,
        3,
        4
      ],
      "macro_f1": 0.6093726834162472,
      "n_test": 2427,
      "precision_macro": 0.6193463673395039,
      "recall_macro": 0.6026659360707779
    },
    {
      "accuracy": 0.6254635352286774,
      "confusion_matrix": [
        [
          204,
          253,
          7
        ],
        [
          210,
          853,
          180
        ],
        [
          33,
          226,
          461
        ]
      ],
      "fold_id": "r2_f4",
      "labels": [
        2,
        3,
        4
      ],
      "macro_f1": 0.5947867916973893,
      "n_test": 2427,
      "precision_macro": 0.6027286608009949,
      "recall_macro": 0.5887253035902715
    },
    {
      "accuracy": 0.6493613514627111,
      "confusion_matrix": [
        [
          245,
          211,
          8
        ],
        [
          200,
          871,
          172
        ],
        [
          27,
          233,
          460
        ]
      ],
      "fold_id": "r2_f5",
      "labels": [
        2,
        3,
        4
      ],
      "macro_f1": 0.6269918812001322,
      "n_test": 2427,
      "precision_macro": 0.6333917370196129,
      "recall_macro": 0.6225433949915183
    },
    {
      "accuracy": 0.6196950968273589,
      "confusion_matrix": [
        [
          228,
          224,
          13
        ],
        [
          223,
          825,
          195
        ],
        [
          35,
          233,
          451
        ]
      ],
      "fold_id": "r3_f1",
      "labels": [
        2,
        3,
        4
      ],
      "macro_f1": 0.5958441526415145,
      "n_test": 2427,
      "precision_macro": 0.5990106004884644,
      "recall_macro": 0.5937664927512295
    },
    {
      "accuracy": 0.6444169756901524,
      "confusion_matrix": [
        [
          209,
          248,
          7
        ],
        [
          185,
          907,
          152
        ],
        [
          21,
          250,
          448
        ]
      ],
      "fold_id": "r3_f2",
      "labels": [
        2,
        3,
        4
      ],
      "macro_f1": 0.612014513064096,
      "n_test": 2427,
      "precision_macro": 0.6290740241447949,
      "recall_macro": 0.6008727782120504
    },
    {
      "accuracy": 0.6563658838071693,
      "confusion_matrix": [
        [
          230,
          230,
          4
        ],
        [
          170,
          898,
          176
        ],
        [
          27,
          227,
          465
        ]
      ],
      "fold_id": "r3_f3",
      "labels": [
        2,
        3,
        4
      ],
      "macro_f1": 0.6297090149640275,
      "n_test": 2427,
      "precision_macro": 0.6407675153490274,
      "recall_macro": 0.6214287261893876
    },
    {
      "accuracy": 0.65389369592089,
      "confusion_matrix": [
        [
          241,
          209,
          14
        ],
        [
          193,
          884,
          166
        ],
        [
          35,
          223,
          462
        ]
      ],
      "fold_id": "r3_f4",
      "labels": [
        2,
        3,
        4
      ],
      "macro_f1": 0.6286406846092412,
      "n_test": 2427,
      "precision_macro": 0.6350726553579855,
      "recall_macro": 0.6240819470259508
    },
    {
      "accuracy": 0.6365883807169345,