{
  "voting_id": "voting_top5_BC",
  "description": "Top-5 modelos BC",
  "members": [
    "bc_gradient_boosting",
    "bc_random_forest",
    "bc_logistic_regression",
    "bc_linear_svc",
    "bc_naive_bayes"
  ],
  "n_members": 5,
  "n_folds": 15,
  "status": "ok",
  "aggregate": {
    "macro_f1_mean": 0.6417671909827246,
    "macro_f1_std": 0.009081652066924597,
    "accuracy_mean": 0.6485647575882433,
    "accuracy_std": 0.008612576241678976,
    "precision_macro_mean": 0.6337788559655784,
    "precision_macro_std": 0.008601872938420553,
    "recall_macro_mean": 0.6591939522381698,
    "recall_macro_std": 0.010346040588418336,
    "confusion_matrix_sum": [
      [
        4736,
        2156,
        71
      ],
      [
        3889,
        11567,
        3195
      ],
      [
        594,
        2889,
        7308
      ]
    ],
    "labels": [
      2,
      3,
      4
    ]
  },
  "folds": [
    {
      "fold_id": "r1_f1",
      "n_test": 2427,
      "macro_f1": 0.6437021776134925,
      "accuracy": 0.6505974454058508,
      "precision_macro": 0.6349459447158587,
      "recall_macro": 0.6637126689326731,
      "confusion_matrix": [
        [
          326,
          135,
          4
        ],
        [
          245,
          772,
          226
        ],
        [
          59,
          179,
          481
        ]
      ],
      "labels": [
        2,
        3,
        4
      ]
    },
    {
      "fold_id": "r1_f2",
      "n_test": 2427,
      "macro_f1": 0.642764171693734,
      "accuracy": 0.6514215080346106,
      "precision_macro": 0.634521670443337,
      "recall_macro": 0.6571788024077126,
      "confusion_matrix": [
        [
          300,
          161,
          3
        ],
        [
          246,
          778,
          220
        ],
        [
          36,
          180,
          503
        ]
      ],
      "labels": [
        2,
        3,
        4
      ]
    },
    {
      "fold_id": "r1_f3",
      "n_test": 2427,
      "macro_f1": 0.6391619021178355,
      "accuracy": 0.6452410383189122,
      "precision_macro": 0.630717258838544,
      "recall_macro": 0.6574317069157508,
      "confusion_matrix": [
        [
          316,
          140,
          8
        ],
        [
          269,
          762,
          213
        ],
        [
          34,
          197,
          488
        ]
      ],
      "labels": [
        2,
        3,
        4
      ]
    },
    {
      "fold_id": "r1_f4",
      "n_test": 2427,
      "macro_f1": 0.6386876564058767,
      "accuracy": 0.6435929130613927,
      "precision_macro": 0.6319908146946465,
      "recall_macro": 0.6555989017424783,
      "confusion_matrix": [
        [
          322,
          140,
          2
        ],
        [
          273,
          769,
          201
        ],
        [
          29,
          220,
          471
        ]
      ],
      "labels": [
        2,
        3,
        4
      ]
    },
    {
      "fold_id": "r1_f5",
      "n_test": 2427,
      "macro_f1": 0.6552837496419438,
      "accuracy": 0.661722290894108,
      "precision_macro": 0.6472331825814054,
      "recall_macro": 0.6749566152831333,
      "confusion_matrix": [
        [
          331,
          127,
          6
        ],
        [
          257,
          786,
          200
        ],
        [
          45,
          186,
          489
        ]
      ],
      "labels": [
        2,
        3,
        4
      ]
    },
    {
      "fold_id": "r2_f1",
      "n_test": 2427,
      "macro_f1": 0.6331601545449304,
      "accuracy": 0.6378244746600742,
      "precision_macro": 0.623838561901317,
      "recall_macro": 0.6564564778095243,
      "confusion_matrix": [
        [
          324,
          135,
          6
        ],
        [
          278,
          733,
          232
        ],
        [
          47,
          181,
          491
        ]
      ],
      "labels": [
        2,
        3,
        4
      ]
    },
    {
      "fold_id": "r2_f2",
      "n_test": 2427,
      "macro_f1": 0.655708844737254,
      "accuracy": 0.6613102595797281,
      "precision_macro": 0.6471253698409537,
      "recall_macro": 0.6737558254780011,
      "confusion_matrix": [
        [
          326,
          133,
          5
        ],
        [
          257,
          784,
          203
        ],
        [
          31,
          193,
          495
        ]
      ],
      "labels": [
        2,
        3,
        4
      ]
    },
    {
      "fold_id": "r2_f3",
      "n_test": 2427,
      "macro_f1": 0.6430299770227678,
      "accuracy": 0.6510094767202307,
      "precision_macro": 0.6363198630150652,
      "recall_macro": 0.6586986743280283,
      "confusion_matrix": [
        [
          317,
          143,
          4
        ],
        [
          250,
          790,
          204
        ],
        [
          46,
          200,
          473
        ]
      ],
      "labels": [
        2,
        3,
        4
      ]
    },
    {
      "fold_id": "r2_f4",
      "n_test": 2427,
      "macro_f1": 0.6426163332021532,
      "accuracy": 0.6493613514627111,
      "precision_macro": 0.6339396814152004,
      "recall_macro": 0.6606342388383889,
      "confusion_matrix": [
        [
          311,
          150,
          3
        ],
        [
          265,
          762,
          216
        ],
        [
          37,
          180,
          503
        ]
      ],
      "labels": [
        2,
        3,
        4
      ]
    },
    {
      "fold_id": "r2_f5",
      "n_test": 2427,
      "macro_f1": 0.6347777455230051,
      "accuracy": 0.642356819118253,
      "precision_macro": 0.6268841667910438,
      "recall_macro": 0.6500019008105673,
      "confusion_matrix": [
        [
          304,
          155,
          5
        ],
        [
          257,
          767,
          219
        ],
        [
          36,
          196,
          488
        ]
      ],
      "labels": [
        2,
        3,
        4
      ]
    },
    {
      "fold_id": "r3_f1",
      "n_test": 2427,
      "macro_f1": 0.629108742064973,
      "accuracy": 0.6378244746600742,
      "precision_macro": 0.6217728816967152,
      "recall_macro": 0.643111754888547,
      "confusion_matrix": [
        [
          296,
          163,
          6
        ],
        [
          260,
          765,
          218
        ],
        [
          37,
          195,
          487
        ]
      ],
      "labels": [
        2,
        3,
        4
      ]
    },
    {
      "fold_id": "r3_f2",
      "n_test": 2427,
      "macro_f1": 0.6452181898324685,
      "accuracy": 0.6518335393489906,
      "precision_macro": 0.637035736150405,
      "recall_macro": 0.6606589509202305,
      "confusion_matrix": [
        [
          308,
          153,
          3
        ],
        [
          262,
          773,
          209
        ],
        [
          25,
          193,
          501
        ]
      ],
      "labels": [
        2,
        3,
        4
      ]
    },
    {
      "fold_id": "r3_f3",
      "n_test": 2427,
      "macro_f1": 0.6537312243228057,
      "accuracy": 0.6588380716934487,
      "precision_macro": 0.6444489195755018,
      "recall_macro": 0.6729124602658488,
      "confusion_matrix": [
        [
          329,
          132,
          3
        ],
        [
          250,
          778,
          216
        ],
        [
          37,
          190,
          492
        ]
      ],
      "labels": [
        2,
        3,
        4
      ]
    },
    {
      "fold_id": "r3_f4",
      "n_test": 2427,
      "macro_f1": 0.6452278237111176,
      "accuracy": 0.6526576019777504,
      "precision_macro": 0.6372543925735416,
      "recall_macro": 0.6642992584783858,
      "confusion_matrix": [
        [
          320,
          133,
          11
        ],
        [
          265,
          774,
          204
        ],
        [
          45,
          185,
          490
        ]
      ],