{
  "voting_id": "voting_top3_BC_DF",
  "description": "Top-3 BC + Top-3 DF",
  "members": [
    "bc_gradient_boosting",
    "bc_random_forest",
    "bc_logistic_regression",
    "df_gradient_boosting",
    "df_random_forest",
    "df_decision_tree"
  ],
  "n_members": 6,
  "n_folds": 15,
  "status": "ok",
  "aggregate": {
    "macro_f1_mean": 0.6938345513238852,
    "macro_f1_std": 0.009736414837438844,
    "accuracy_mean": 0.7067161104243921,
    "accuracy_std": 0.008893442888695379,
    "precision_macro_mean": 0.708426221655365,
    "precision_macro_std": 0.009136892828003463,
    "recall_macro_mean": 0.6971662417634406,
    "recall_macro_std": 0.01180934031449503,
    "confusion_matrix_sum": [
      [
        4974,
        1952,
        37
      ],
      [
        3484,
        13984,
        1183
      ],
      [
        395,
        3626,
        6770
      ]
    ],
    "labels": [
      2,
      3,
      4
    ]
  },
  "folds": [
    {
      "fold_id": "r1_f1",
      "n_test": 2427,
      "macro_f1": 0.6980984012484063,
      "accuracy": 0.7107540173053152,
      "precision_macro": 0.7070207707397623,
      "recall_macro": 0.7048113315705132,
      "confusion_matrix": [
        [
          336,
          125,
          4
        ],
        [
          236,
          921,
          86
        ],
        [
          38,
          213,
          468
        ]
      ],
      "labels": [
        2,
        3,
        4
      ]
    },
    {
      "fold_id": "r1_f2",
      "n_test": 2427,
      "macro_f1": 0.6816769346552952,
      "accuracy": 0.6934487021013597,
      "precision_macro": 0.6915993211050647,
      "recall_macro": 0.6872212942203147,
      "confusion_matrix": [
        [
          326,
          136,
          2
        ],
        [
          250,
          900,
          94
        ],
        [
          28,
          234,
          457
        ]
      ],
      "labels": [
        2,
        3,
        4
      ]
    },
    {
      "fold_id": "r1_f3",
      "n_test": 2427,
      "macro_f1": 0.6933081303992412,
      "accuracy": 0.7016893283889576,
      "precision_macro": 0.7030018299985227,
      "recall_macro": 0.7064847979974075,
      "confusion_matrix": [
        [
          356,
          105,
          3
        ],
        [
          274,
          888,
          82
        ],
        [
          31,
          229,
          459
        ]
      ],
      "labels": [
        2,
        3,
        4
      ]
    },
    {
      "fold_id": "r1_f4",
      "n_test": 2427,
      "macro_f1": 0.6983466614691661,
      "accuracy": 0.7107540173053152,
      "precision_macro": 0.7157550637030802,
      "recall_macro": 0.7006094409664749,
      "confusion_matrix": [
        [
          337,
          125,
          2
        ],
        [
          227,
          945,
          71
        ],
        [
          21,
          256,
          443
        ]
      ],
      "labels": [
        2,
        3,
        4
      ]
    },
    {
      "fold_id": "r1_f5",
      "n_test": 2427,
      "macro_f1": 0.7026050921703096,
      "accuracy": 0.7181705809641533,
      "precision_macro": 0.721282879942354,
      "recall_macro": 0.7003627594221126,
      "confusion_matrix": [
        [
          324,
          139,
          1
        ],
        [
          197,
          972,
          74
        ],
        [
          27,
          246,
          447
        ]
      ],
      "labels": [
        2,
        3,
        4
      ]
    },
    {
      "fold_id": "r2_f1",
      "n_test": 2427,
      "macro_f1": 0.6851504029303986,
      "accuracy": 0.695920889987639,
      "precision_macro": 0.6935602068823061,
      "recall_macro": 0.6923853666875047,
      "confusion_matrix": [
        [
          332,
          127,
          6
        ],
        [
          258,
          894,
          91
        ],
        [
          25,
          231,
          463
        ]
      ],
      "labels": [
        2,
        3,
        4
      ]
    },
    {
      "fold_id": "r2_f2",
      "n_test": 2427,
      "macro_f1": 0.7036554948278014,
      "accuracy": 0.7165224557066338,
      "precision_macro": 0.7158602792029591,
      "recall_macro": 0.7064171190547457,
      "confusion_matrix": [
        [
          334,
          126,
          4
        ],
        [
          219,
          945,
          80
        ],
        [
          25,
          234,
          460
        ]
      ],
      "labels": [
        2,
        3,
        4
      ]
    },
    {
      "fold_id": "r2_f3",
      "n_test": 2427,
      "macro_f1": 0.6799671780330105,
      "accuracy": 0.696332921302019,
      "precision_macro": 0.7030945596968122,
      "recall_macro": 0.6776855637994542,
      "confusion_matrix": [
        [
          315,
          148,
          1
        ],
        [
          221,
          951,
          72
        ],
        [
          25,
          270,
          424
        ]
      ],
      "labels": [
        2,
        3,
        4
      ]
    },
    {
      "fold_id": "r2_f4",
      "n_test": 2427,
      "macro_f1": 0.6878699834488855,
      "accuracy": 0.7004532344458179,
      "precision_macro": 0.7033776047564402,
      "recall_macro": 0.6898054905683835,
      "confusion_matrix": [
        [
          324,
          140,
          0
        ],
        [
          241,
          924,
          78
        ],
        [
          22,
          246,
          452
        ]
      ],
      "labels": [
        2,
        3,
        4
      ]
    },
    {
      "fold_id": "r2_f5",
      "n_test": 2427,
      "macro_f1": 0.7038567584611881,
      "accuracy": 0.715286361763494,
      "precision_macro": 0.7160216973810094,
      "recall_macro": 0.7096327685357285,
      "confusion_matrix": [
        [
          344,
          119,
          1
        ],
        [
          230,
          934,
          79
        ],
        [
          29,
          233,
          458
        ]
      ],
      "labels": [
        2,
        3,
        4
      ]
    },
    {
      "fold_id": "r3_f1",
      "n_test": 2427,
      "macro_f1": 0.696152776342189,
      "accuracy": 0.7070457354758962,
      "precision_macro": 0.7072548518929058,
      "recall_macro": 0.7025712175780644,
      "confusion_matrix": [
        [
          339,
          124,
          2
        ],
        [
          247,
          915,
          81
        ],
        [
          27,
          230,
          462
        ]
      ],
      "labels": [
        2,
        3,
        4
      ]
    },
    {
      "fold_id": "r3_f2",
      "n_test": 2427,
      "macro_f1": 0.6992698214290919,
      "accuracy": 0.7111660486196951,
      "precision_macro": 0.7093336338250616,
      "recall_macro": 0.7016780766694408,
      "confusion_matrix": [
        [
          326,
          132,
          6
        ],
        [
          233,
          928,
          83
        ],
        [
          14,
          233,
          472
        ]
      ],
      "labels": [
        2,
        3,
        4
      ]
    },
    {
      "fold_id": "r3_f3",
      "n_test": 2427,
      "macro_f1": 0.7071885490096236,
      "accuracy": 0.7194066749072929,
      "precision_macro": 0.7234311609687493,
      "recall_macro": 0.7093527903771685,
      "confusion_matrix": [
        [
          342,
          121,
          1
        ],
        [
          214,
          957,
          73
        ],
        [
          22,
          250,
          447
        ]
      ],
      "labels": [
        2,
        3,
        4
      ]
    },
    {
      "fold_id": "r3_f4",
      "n_test": 2427,
      "macro_f1": 0.695200857598634,
      "accuracy": 0.7082818294190358,
      "precision_macro": 0.7110175649879108,
      "recall_macro": 0.6993422810137794,