{
  "aggregate": {
    "accuracy_mean": 0.711715423705535,
    "accuracy_std": 0.010623774403392107,
    "confusion_matrix_sum": [
      [
        3803,
        3112,
        48
      ],
      [
        2162,
        15308,
        1181
      ],
      [
        210,
        3782,
        6799
      ]
    ],
    "labels": [
      2,
      3,
      4
    ],
    "macro_f1_mean": 0.6835862462916823,
    "macro_f1_std": 0.011687096370876537,
    "precision_macro_mean": 0.717622297846708,
    "precision_macro_std": 0.0115852725886018,
    "recall_macro_mean": 0.6656669343363996,
    "recall_macro_std": 0.011714612751347388
  },
  "description": "Top-3 BC + Top-3 DF",
  "folds": [
    {
      "accuracy": 0.7288833951380305,
      "confusion_matrix": [
        [
          259,
          202,
          4
        ],
        [
          128,
          1042,
          73
        ],
        [
          18,
          233,
          468
        ]
      ],
      "fold_id": "r1_f1",
      "labels": [
        2,
        3,
        4
      ],
      "macro_f1": 0.7006950328509114,
      "n_test": 2427,
      "precision_macro": 0.7345686195133756,
      "recall_macro": 0.6820625765351466
    },
    {
      "accuracy": 0.7128141738772147,
      "confusion_matrix": [
        [
          252,
          206,
          6
        ],
        [
          142,
          1015,
          87
        ],
        [
          10,
          246,
          463
        ]
      ],
      "fold_id": "r1_f2",
      "labels": [
        2,
        3,
        4
      ],
      "macro_f1": 0.6852402838234962,
      "n_test": 2427,
      "precision_macro": 0.7161281321376315,
      "recall_macro": 0.6676565924828864
    },
    {
      "accuracy": 0.7053976102183765,
      "confusion_matrix": [
        [
          265,
          198,
          1
        ],
        [
          164,
          997,
          83
        ],
        [
          10,
          259,
          450
        ]
      ],
      "fold_id": "r1_f3",
      "labels": [
        2,
        3,
        4
      ],
      "macro_f1": 0.6814248531547533,
      "n_test": 2427,
      "precision_macro": 0.7106786372088735,
      "recall_macro": 0.6661456326192945
    },
    {
      "accuracy": 0.7053976102183765,
      "confusion_matrix": [
        [
          250,
          212,
          2
        ],
        [
          149,
          1022,
          72
        ],
        [
          12,
          268,
          440
        ]
      ],
      "fold_id": "r1_f4",
      "labels": [
        2,
        3,
        4
      ],
      "macro_f1": 0.6763944013777953,
      "n_test": 2427,
      "precision_macro": 0.7149099110075602,
      "recall_macro": 0.6573695196292083
    },
    {
      "accuracy": 0.707457766790276,
      "confusion_matrix": [
        [
          244,
          217,
          3
        ],
        [
          140,
          1026,
          77
        ],
        [
          14,
          259,
          447
        ]
      ],
      "fold_id": "r1_f5",
      "labels": [
        2,
        3,
        4
      ],
      "macro_f1": 0.6768622943641566,
      "n_test": 2427,
      "precision_macro": 0.7147839614891672,
      "recall_macro": 0.6573725891814083
    },
    {
      "accuracy": 0.7058096415327565,
      "confusion_matrix": [
        [
          243,
          217,
          5
        ],
        [
          142,
          1018,
          83
        ],
        [
          13,
          254,
          452
        ]
      ],
      "fold_id": "r2_f1",
      "labels": [
        2,
        3,
        4
      ],
      "macro_f1": 0.6754745200013587,
      "n_test": 2427,
      "precision_macro": 0.7104233744067118,
      "recall_macro": 0.6567392908685907
    },
    {
      "accuracy": 0.7206427688504327,
      "confusion_matrix": [
        [
          260,
          200,
          4
        ],
        [
          136,
          1027,
          81
        ],
        [
          10,
          247,
          462
        ]
      ],
      "fold_id": "r2_f2",
      "labels": [
        2,
        3,
        4
      ],
      "macro_f1": 0.6944205639735467,
      "n_test": 2427,
      "precision_macro": 0.7272481968686693,
      "recall_macro": 0.6761555461418878
    },
    {
      "accuracy": 0.7029254223320972,
      "confusion_matrix": [
        [
          250,
          209,
          5
        ],
        [
          145,
          1024,
          75
        ],
        [
          12,
          275,
          432
        ]
      ],
      "fold_id": "r2_f3",
      "labels": [
        2,
        3,
        4
      ],
      "macro_f1": 0.6733690863484906,
      "n_test": 2427,
      "precision_macro": 0.7123485690296034,
      "recall_macro": 0.654259573733564
    },
    {
      "accuracy": 0.6988051091882983,
      "confusion_matrix": [
        [
          239,
          224,
          1
        ],
        [
          155,
          1009,
          79
        ],
        [
          20,
          252,
          448
        ]
      ],
      "fold_id": "r2_f4",
      "labels": [
        2,
        3,
        4
      ],
      "macro_f1": 0.6673679742421017,
      "n_test": 2427,
      "precision_macro": 0.701746937978822,
      "recall_macro": 0.6496847351554401
    },
    {
      "accuracy": 0.7251751133086115,
      "confusion_matrix": [
        [
          261,
          202,
          1
        ],
        [
          137,
          1032,
          74
        ],
        [
          17,
          236,
          467
        ]
      ],
      "fold_id": "r2_f5",
      "labels": [
        2,
        3,
        4
      ],
      "macro_f1": 0.6982443884108488,
      "n_test": 2427,
      "precision_macro": 0.7308600317377651,
      "recall_macro": 0.6804535025773965
    },
    {
      "accuracy": 0.7012772970745776,
      "confusion_matrix": [
        [
          254,
          208,
          3
        ],
        [
          169,
          985,
          89
        ],
        [
          22,
          234,
          463
        ]
      ],
      "fold_id": "r3_f1",
      "labels": [
        2,
        3,
        4
      ],
      "macro_f1": 0.6743046858616681,
      "n_test": 2427,
      "precision_macro": 0.6984266787673006,
      "recall_macro": 0.660874713481162
    },
    {
      "accuracy": 0.7247630819942316,
      "confusion_matrix": [
        [
          244,
          216,
          4
        ],
        [
          125,
          1046,
          73
        ],
        [
          8,
          242,
          469
        ]
      ],
      "fold_id": "r3_f2",
      "labels": [
        2,
        3,
        4
      ],
      "macro_f1": 0.6943481670708179,
      "n_test": 2427,
      "precision_macro": 0.7338893121633401,
      "recall_macro": 0.6729976452636975
    },
    {
      "accuracy": 0.7144622991347342,
      "confusion_matrix": [
        [
          256,
          206,
          2
        ],
        [
          136,
          1026,
          82
        ],
        [
          9,
          258,
          452
        ]
      ],
      "fold_id": "r3_f3",
      "labels": [
        2,
        3,
        4
      ],
      "macro_f1": 0.6875916287406708,
      "n_test": 2427,
      "precision_macro": 0.7234260587137785,
      "recall_macro": 0.6683779614693813
    },
    {
      "accuracy": 0.7243510506798516,
      "confusion_matrix": [
        [
          273,
          187,
          4
        ],
        [
          153,
          1019,
          71
        ],
        [
          14,
          240,
          466
        ]
      ],
      "fold_id": "r3_f4",
      "labels": [
        2,
        3,
        4
      ],
      "macro_f1": 0.7003269408284752,
      "n_test": 2427,
      "precision_macro": 0.7288416702439835,
      "recall_macro": 0.6851250399427086
    },
    {
      "accuracy": 0.6975690152451587,