{
  "voting_id": "voting_top3_BC_DF",
  "description": "Top-3 BC + Top-3 DF",
  "members": [
    "bc_gradient_boosting",
    "bc_random_forest",
    "bc_logistic_regression",
    "df_gradient_boosting",
    "df_random_forest",
    "df_decision_tree"
  ],
  "n_members": 6,
  "n_folds": 15,
  "status": "ok",
  "aggregate": {
    "macro_f1_mean": 0.6944214415796139,
    "macro_f1_std": 0.009512775087298754,
    "accuracy_mean": 0.7065238291443483,
    "accuracy_std": 0.008714753355458238,
    "precision_macro_mean": 0.7087460160187035,
    "precision_macro_std": 0.0085553584643486,
    "recall_macro_mean": 0.7000257203222647,
    "recall_macro_std": 0.01140831810134229,
    "confusion_matrix_sum": [
      [
        5083,
        1839,
        41
      ],
      [
        3613,
        13890,
        1148
      ],
      [
        435,
        3608,
        6748
      ]
    ],
    "labels": [
      2,
      3,
      4
    ]
  },
  "folds": [
    {
      "fold_id": "r1_f1",
      "n_test": 2427,
      "macro_f1": 0.6982136664090283,
      "accuracy": 0.7107540173053152,
      "precision_macro": 0.70780678580217,
      "recall_macro": 0.7051223711524023,
      "confusion_matrix": [
        [
          338,
          123,
          4
        ],
        [
          237,
          922,
          84
        ],
        [
          38,
          216,
          465
        ]
      ],
      "labels": [
        2,
        3,
        4
      ]
    },
    {
      "fold_id": "r1_f2",
      "n_test": 2427,
      "macro_f1": 0.6811139495788282,
      "accuracy": 0.6926246394725999,
      "precision_macro": 0.6919948723348525,
      "recall_macro": 0.6884097462200929,
      "confusion_matrix": [
        [
          332,
          128,
          4
        ],
        [
          259,
          897,
          88
        ],
        [
          31,
          236,
          452
        ]
      ],
      "labels": [
        2,
        3,
        4
      ]
    },
    {
      "fold_id": "r1_f3",
      "n_test": 2427,
      "macro_f1": 0.6942912854514968,
      "accuracy": 0.7016893283889576,
      "precision_macro": 0.7045591868472103,
      "recall_macro": 0.7105978695982206,
      "confusion_matrix": [
        [
          366,
          94,
          4
        ],
        [
          286,
          880,
          78
        ],
        [
          33,
          229,
          457
        ]
      ],
      "labels": [
        2,
        3,
        4
      ]
    },
    {
      "fold_id": "r1_f4",
      "n_test": 2427,
      "macro_f1": 0.6958663360509783,
      "accuracy": 0.707869798104656,
      "precision_macro": 0.7134540885366643,
      "recall_macro": 0.7006544182543571,
      "confusion_matrix": [
        [
          343,
          119,
          2
        ],
        [
          238,
          936,
          69
        ],
        [
          26,
          255,
          439
        ]
      ],
      "labels": [
        2,
        3,
        4
      ]
    },
    {
      "fold_id": "r1_f5",
      "n_test": 2427,
      "macro_f1": 0.7032726850501149,
      "accuracy": 0.7173465183353935,
      "precision_macro": 0.7198724604657939,
      "recall_macro": 0.7041338519977519,
      "confusion_matrix": [
        [
          334,
          128,
          2
        ],
        [
          207,
          961,
          75
        ],
        [
          28,
          246,
          446
        ]
      ],
      "labels": [
        2,
        3,
        4
      ]
    },
    {
      "fold_id": "r2_f1",
      "n_test": 2427,
      "macro_f1": 0.6867522923768751,
      "accuracy": 0.6967449526163988,
      "precision_macro": 0.6961629546229059,
      "recall_macro": 0.6943255364772863,
      "confusion_matrix": [
        [
          336,
          124,
          5
        ],
        [
          262,
          894,
          87
        ],
        [
          22,
          236,
          461
        ]
      ],
      "labels": [
        2,
        3,
        4
      ]
    },
    {
      "fold_id": "r2_f2",
      "n_test": 2427,
      "macro_f1": 0.7053351180576696,
      "accuracy": 0.7169344870210136,
      "precision_macro": 0.7162511862668565,
      "recall_macro": 0.7113851055591033,
      "confusion_matrix": [
        [
          344,
          116,
          4
        ],
        [
          230,
          935,
          79
        ],
        [
          28,
          230,
          461
        ]
      ],
      "labels": [
        2,
        3,
        4
      ]
    },
    {
      "fold_id": "r2_f3",
      "n_test": 2427,
      "macro_f1": 0.6827230681374229,
      "accuracy": 0.6975690152451587,
      "precision_macro": 0.7050652108048695,
      "recall_macro": 0.683758153792979,
      "confusion_matrix": [
        [
          328,
          134,
          2
        ],
        [
          231,
          944,
          69
        ],
        [
          27,
          271,
          421
        ]
      ],
      "labels": [
        2,
        3,
        4
      ]
    },
    {
      "fold_id": "r2_f4",
      "n_test": 2427,
      "macro_f1": 0.6902519929652904,
      "accuracy": 0.7025133910177174,
      "precision_macro": 0.7063714370016156,
      "recall_macro": 0.6945533172226795,
      "confusion_matrix": [
        [
          332,
          132,
          0
        ],
        [
          249,
          922,
          72
        ],
        [
          29,
          240,
          451
        ]
      ],
      "labels": [
        2,
        3,
        4
      ]
    },
    {
      "fold_id": "r2_f5",
      "n_test": 2427,
      "macro_f1": 0.7022449943317995,
      "accuracy": 0.7132262051915945,
      "precision_macro": 0.7144944504803096,
      "recall_macro": 0.7098980215130658,
      "confusion_matrix": [
        [
          348,
          115,
          1
        ],
        [
          240,
          926,
          77
        ],
        [
          32,
          231,
          457
        ]
      ],
      "labels": [
        2,
        3,
        4
      ]
    },
    {
      "fold_id": "r3_f1",
      "n_test": 2427,
      "macro_f1": 0.6979569301978176,
      "accuracy": 0.707869798104656,
      "precision_macro": 0.7088695876689278,
      "recall_macro": 0.7062482966762113,
      "confusion_matrix": [
        [
          346,
          117,
          2
        ],
        [
          254,
          910,
          79
        ],
        [
          27,
          230,
          462
        ]
      ],
      "labels": [
        2,
        3,
        4
      ]
    },
    {
      "fold_id": "r3_f2",
      "n_test": 2427,
      "macro_f1": 0.7005742238273243,
      "accuracy": 0.711578079934075,
      "precision_macro": 0.7099123033726333,
      "recall_macro": 0.705490403301987,
      "confusion_matrix": [
        [
          333,
          125,
          6
        ],
        [
          244,
          920,
          80
        ],
        [
          17,
          228,
          474
        ]
      ],
      "labels": [
        2,
        3,
        4
      ]
    },
    {
      "fold_id": "r3_f3",
      "n_test": 2427,
      "macro_f1": 0.7096378513647968,
      "accuracy": 0.7214668314791924,
      "precision_macro": 0.7256739696342255,
      "recall_macro": 0.7142960582930499,
      "confusion_matrix": [
        [
          350,
          113,
          1
        ],
        [
          221,
          954,
          69
        ],
        [
          27,
          245,
          447
        ]
      ],
      "labels": [
        2,
        3,
        4
      ]
    },
    {
      "fold_id": "r3_f4",
      "n_test": 2427,
      "macro_f1": 0.6912657497576434,
      "accuracy": 0.7033374536464772,
      "precision_macro": 0.7063163870807183,
      "recall_macro": 0.6979857829644219,