{
  "voting_id": "voting_all",
  "description": "Todos os modelos disponíveis",
  "members": [
    "bc_decision_tree",
    "bc_gradient_boosting",
    "bc_linear_svc",
    "bc_logistic_regression",
    "bc_naive_bayes",
    "bc_random_forest",
    "df_decision_tree",
    "df_gradient_boosting",
    "df_linear_svc",
    "df_logistic_regression",
    "df_naive_bayes",
    "df_random_forest"
  ],
  "n_members": 12,
  "n_folds": 15,
  "status": "ok",
  "aggregate": {
    "macro_f1_mean": 0.6895342914762536,
    "macro_f1_std": 0.0099600732840419,
    "accuracy_mean": 0.7010300782859498,
    "accuracy_std": 0.009590940015925382,
    "precision_macro_mean": 0.6953367821057267,
    "precision_macro_std": 0.0098332025129268,
    "recall_macro_mean": 0.6954220149950264,
    "recall_macro_std": 0.010798606626475731,
    "confusion_matrix_sum": [
      [
        4922,
        1987,
        54
      ],
      [
        3476,
        13559,
        1616
      ],
      [
        399,
        3352,
        7040
      ]
    ],
    "labels": [
      2,
      3,
      4
    ]
  },
  "folds": [
    {
      "fold_id": "r1_f1",
      "n_test": 2427,
      "macro_f1": 0.6930246298543468,
      "accuracy": 0.7041615162752369,
      "precision_macro": 0.6937885694860538,
      "recall_macro": 0.702830134624857,
      "confusion_matrix": [
        [
          332,
          130,
          3
        ],
        [
          235,
          888,
          120
        ],
        [
          39,
          191,
          489
        ]
      ],
      "labels": [
        2,
        3,
        4
      ]
    },
    {
      "fold_id": "r1_f2",
      "n_test": 2427,
      "macro_f1": 0.6792995194239476,
      "accuracy": 0.69221260815822,
      "precision_macro": 0.6833659244272701,
      "recall_macro": 0.6831826386144164,
      "confusion_matrix": [
        [
          311,
          146,
          7
        ],
        [
          232,
          894,
          118
        ],
        [
          23,
          221,
          475
        ]
      ],
      "labels": [
        2,
        3,
        4
      ]
    },
    {
      "fold_id": "r1_f3",
      "n_test": 2427,
      "macro_f1": 0.6906191779480126,
      "accuracy": 0.6979810465595385,
      "precision_macro": 0.6923955413103106,
      "recall_macro": 0.7039914910997918,
      "confusion_matrix": [
        [
          348,
          113,
          3
        ],
        [
          262,
          869,
          113
        ],
        [
          25,
          217,
          477
        ]
      ],
      "labels": [
        2,
        3,
        4
      ]
    },
    {
      "fold_id": "r1_f4",
      "n_test": 2427,
      "macro_f1": 0.6870385628900051,
      "accuracy": 0.6975690152451587,
      "precision_macro": 0.696518938988976,
      "recall_macro": 0.6921751078067832,
      "confusion_matrix": [
        [
          333,
          130,
          1
        ],
        [
          237,
          907,
          99
        ],
        [
          21,
          246,
          453
        ]
      ],
      "labels": [
        2,
        3,
        4
      ]
    },
    {
      "fold_id": "r1_f5",
      "n_test": 2427,
      "macro_f1": 0.696926996696024,
      "accuracy": 0.7099299546765554,
      "precision_macro": 0.7059920345924858,
      "recall_macro": 0.6997221991042558,
      "confusion_matrix": [
        [
          328,
          133,
          3
        ],
        [
          212,
          933,
          98
        ],
        [
          28,
          230,
          462
        ]
      ],
      "labels": [
        2,
        3,
        4
      ]
    },
    {
      "fold_id": "r2_f1",
      "n_test": 2427,
      "macro_f1": 0.6797433964347799,
      "accuracy": 0.6909765142150803,
      "precision_macro": 0.6830872185106965,
      "recall_macro": 0.6868303940544424,
      "confusion_matrix": [
        [
          322,
          137,
          6
        ],
        [
          246,
          881,
          116
        ],
        [
          27,
          218,
          474
        ]
      ],
      "labels": [
        2,
        3,
        4
      ]
    },
    {
      "fold_id": "r2_f2",
      "n_test": 2427,
      "macro_f1": 0.6988602289326799,
      "accuracy": 0.7103419859909353,
      "precision_macro": 0.7020996073400666,
      "recall_macro": 0.7045091550146826,
      "confusion_matrix": [
        [
          330,
          127,
          7
        ],
        [
          219,
          914,
          111
        ],
        [
          24,
          215,
          480
        ]
      ],
      "labels": [
        2,
        3,
        4
      ]
    },
    {
      "fold_id": "r2_f3",
      "n_test": 2427,
      "macro_f1": 0.6865840285239592,
      "accuracy": 0.7004532344458179,
      "precision_macro": 0.6997339030496385,
      "recall_macro": 0.6864712325234374,
      "confusion_matrix": [
        [
          319,
          142,
          3
        ],
        [
          214,
          935,
          95
        ],
        [
          21,
          252,
          446
        ]
      ],
      "labels": [
        2,
        3,
        4
      ]
    },
    {
      "fold_id": "r2_f4",
      "n_test": 2427,
      "macro_f1": 0.6840240440259877,
      "accuracy": 0.6950968273588792,
      "precision_macro": 0.6886207350933669,
      "recall_macro": 0.6906654147003551,
      "confusion_matrix": [
        [
          325,
          138,
          1
        ],
        [
          239,
          890,
          114
        ],
        [
          29,
          219,
          472
        ]
      ],
      "labels": [
        2,
        3,
        4
      ]
    },
    {
      "fold_id": "r2_f5",
      "n_test": 2427,
      "macro_f1": 0.6926415380786674,
      "accuracy": 0.7021013597033374,
      "precision_macro": 0.6948914570220285,
      "recall_macro": 0.7021117748536119,
      "confusion_matrix": [
        [
          339,
          122,
          3
        ],
        [
          236,
          890,
          117
        ],
        [
          28,
          217,
          475
        ]
      ],
      "labels": [
        2,
        3,
        4
      ]
    },
    {
      "fold_id": "r3_f1",
      "n_test": 2427,
      "macro_f1": 0.6815568161288397,
      "accuracy": 0.6913885455294603,
      "precision_macro": 0.6839108605621934,
      "recall_macro": 0.6907678195325541,
      "confusion_matrix": [
        [
          328,
          134,
          3
        ],
        [
          254,
          871,
          118
        ],
        [
          28,
          212,
          479
        ]
      ],
      "labels": [
        2,
        3,
        4
      ]
    },
    {
      "fold_id": "r3_f2",
      "n_test": 2427,
      "macro_f1": 0.7055978264892588,
      "accuracy": 0.7173465183353935,
      "precision_macro": 0.7104981993982619,
      "recall_macro": 0.7089643577101924,
      "confusion_matrix": [
        [
          325,
          134,
          5
        ],
        [
          219,
          925,
          100
        ],
        [
          17,
          211,
          491
        ]
      ],
      "labels": [
        2,
        3,
        4
      ]
    },
    {
      "fold_id": "r3_f3",
      "n_test": 2427,
      "macro_f1": 0.7018048336675383,
      "accuracy": 0.7128141738772147,
      "precision_macro": 0.7098346713345904,
      "recall_macro": 0.7066490413556957,
      "confusion_matrix": [
        [
          339,
          124,
          1
        ],
        [
          216,
          929,
          99
        ],
        [
          25,
          232,
          462
        ]
      ],
      "labels": [
        2,
        3,
        4
      ]
    },
    {
      "fold_id": "r3_f4",
      "n_test": 2427,
      "macro_f1": 0.6969845444658569,
      "accuracy": 0.7095179233621756,
      "precision_macro": 0.7035888234114599,
      "recall_macro": 0.7023759489925191,