{
  "voting_id": "voting_all",
  "description": "Todos os modelos disponíveis",
  "members": [
    "bc_decision_tree",
    "bc_gradient_boosting",
    "bc_linear_svc",
    "bc_logistic_regression",
    "bc_naive_bayes",
    "bc_random_forest",
    "df_decision_tree",
    "df_gradient_boosting",
    "df_linear_svc",
    "df_logistic_regression",
    "df_naive_bayes",
    "df_random_forest"
  ],
  "n_members": 12,
  "n_folds": 15,
  "status": "ok",
  "aggregate": {
    "macro_f1_mean": 0.6902176172447644,
    "macro_f1_std": 0.010176194098748356,
    "accuracy_mean": 0.700233484411482,
    "accuracy_std": 0.00988858803927585,
    "precision_macro_mean": 0.6944412187276785,
    "precision_macro_std": 0.009885718355411325,
    "recall_macro_mean": 0.6989914694855339,
    "recall_macro_std": 0.011044584272742602,
    "confusion_matrix_sum": [
      [
        5050,
        1862,
        51
      ],
      [
        3612,
        13383,
        1656
      ],
      [
        412,
        3320,
        7059
      ]
    ],
    "labels": [
      2,
      3,
      4
    ]
  },
  "folds": [
    {
      "fold_id": "r1_f1",
      "n_test": 2427,
      "macro_f1": 0.6947177585475458,
      "accuracy": 0.7053976102183765,
      "precision_macro": 0.6950633399120454,
      "recall_macro": 0.7056247881792607,
      "confusion_matrix": [
        [
          336,
          125,
          4
        ],
        [
          238,
          886,
          119
        ],
        [
          39,
          190,
          490
        ]
      ],
      "labels": [
        2,
        3,
        4
      ]
    },
    {
      "fold_id": "r1_f2",
      "n_test": 2427,
      "macro_f1": 0.6804197802627373,
      "accuracy": 0.6913885455294603,
      "precision_macro": 0.6827100818913601,
      "recall_macro": 0.6876015505410896,
      "confusion_matrix": [
        [
          322,
          134,
          8
        ],
        [
          243,
          881,
          120
        ],
        [
          23,
          221,
          475
        ]
      ],
      "labels": [
        2,
        3,
        4
      ]
    },
    {
      "fold_id": "r1_f3",
      "n_test": 2427,
      "macro_f1": 0.6883395329949945,
      "accuracy": 0.6942727647301195,
      "precision_macro": 0.6893774350744158,
      "recall_macro": 0.7047921112093087,
      "confusion_matrix": [
        [
          356,
          105,
          3
        ],
        [
          274,
          854,
          116
        ],
        [
          25,
          219,
          475
        ]
      ],
      "labels": [
        2,
        3,
        4
      ]
    },
    {
      "fold_id": "r1_f4",
      "n_test": 2427,
      "macro_f1": 0.6866940383287576,
      "accuracy": 0.695920889987639,
      "precision_macro": 0.6940131536687263,
      "recall_macro": 0.6945829467495624,
      "confusion_matrix": [
        [
          339,
          124,
          1
        ],
        [
          247,
          893,
          103
        ],
        [
          22,
          241,
          457
        ]
      ],
      "labels": [
        2,
        3,
        4
      ]
    },
    {
      "fold_id": "r1_f5",
      "n_test": 2427,
      "macro_f1": 0.6985265597422927,
      "accuracy": 0.7099299546765554,
      "precision_macro": 0.705710780823192,
      "recall_macro": 0.7041637897641865,
      "confusion_matrix": [
        [
          337,
          125,
          2
        ],
        [
          220,
          922,
          101
        ],
        [
          29,
          227,
          464
        ]
      ],
      "labels": [
        2,
        3,
        4
      ]
    },
    {
      "fold_id": "r2_f1",
      "n_test": 2427,
      "macro_f1": 0.6821936911367045,
      "accuracy": 0.6918005768438401,
      "precision_macro": 0.6851478402538872,
      "recall_macro": 0.6921067445744685,
      "confusion_matrix": [
        [
          333,
          127,
          5
        ],
        [
          256,
          873,
          114
        ],
        [
          28,
          218,
          473
        ]
      ],
      "labels": [
        2,
        3,
        4
      ]
    },
    {
      "fold_id": "r2_f2",
      "n_test": 2427,
      "macro_f1": 0.7000490272793473,
      "accuracy": 0.7086938607334158,
      "precision_macro": 0.6997765095782364,
      "recall_macro": 0.7114269671665694,
      "confusion_matrix": [
        [
          346,
          111,
          7
        ],
        [
          235,
          890,
          119
        ],
        [
          25,
          210,
          484
        ]
      ],
      "labels": [
        2,
        3,
        4
      ]
    },
    {
      "fold_id": "r2_f3",
      "n_test": 2427,
      "macro_f1": 0.68695888183818,
      "accuracy": 0.6996291718170581,
      "precision_macro": 0.6982935997797174,
      "recall_macro": 0.6897344845782994,
      "confusion_matrix": [
        [
          327,
          134,
          3
        ],
        [
          224,
          924,
          96
        ],
        [
          24,
          248,
          447
        ]
      ],
      "labels": [
        2,
        3,
        4
      ]
    },
    {
      "fold_id": "r2_f4",
      "n_test": 2427,
      "macro_f1": 0.6814355185398883,
      "accuracy": 0.6913885455294603,
      "precision_macro": 0.6844255175514125,
      "recall_macro": 0.6901869498566172,
      "confusion_matrix": [
        [
          328,
          135,
          1
        ],
        [
          249,
          875,
          119
        ],
        [
          29,
          216,
          475
        ]
      ],
      "labels": [
        2,
        3,
        4
      ]
    },
    {
      "fold_id": "r2_f5",
      "n_test": 2427,
      "macro_f1": 0.6917500120696994,
      "accuracy": 0.700041203131438,
      "precision_macro": 0.6933378899313544,
      "recall_macro": 0.7030220447789871,
      "confusion_matrix": [
        [
          344,
          118,
          2
        ],
        [
          244,
          880,
          119
        ],
        [
          27,
          218,
          475
        ]
      ],
      "labels": [
        2,
        3,
        4
      ]
    },
    {
      "fold_id": "r3_f1",
      "n_test": 2427,
      "macro_f1": 0.6822818317271263,
      "accuracy": 0.6913885455294603,
      "precision_macro": 0.6837575874671948,
      "recall_macro": 0.6930112068744284,
      "confusion_matrix": [
        [
          333,
          129,
          3
        ],
        [
          256,
          866,
          121
        ],
        [
          29,
          211,
          479
        ]
      ],
      "labels": [
        2,
        3,
        4
      ]
    },
    {
      "fold_id": "r3_f2",
      "n_test": 2427,
      "macro_f1": 0.7080772047112344,
      "accuracy": 0.7181705809641533,
      "precision_macro": 0.7106669597801739,
      "recall_macro": 0.7147872591180943,
      "confusion_matrix": [
        [
          335,
          124,
          5
        ],
        [
          228,
          913,
          103
        ],
        [
          18,
          206,
          495
        ]
      ],
      "labels": [
        2,
        3,
        4
      ]
    },
    {
      "fold_id": "r3_f3",
      "n_test": 2427,
      "macro_f1": 0.704637431374552,
      "accuracy": 0.7144622991347342,
      "precision_macro": 0.7113349112969942,
      "recall_macro": 0.7129895841895205,
      "confusion_matrix": [
        [
          352,
          110,
          2
        ],
        [
          222,
          923,
          99
        ],
        [
          28,
          232,
          459
        ]
      ],
      "labels": [
        2,
        3,
        4
      ]
    },
    {
      "fold_id": "r3_f4",
      "n_test": 2427,
      "macro_f1": 0.696235116088697,
      "accuracy": 0.7066337041615163,
      "precision_macro": 0.7006130667253849,
      "recall_macro": 0.7053299498905236,