{
  "voting_id": "voting_all",
  "description": "Todos os modelos disponíveis",
  "members": [
    "bc_decision_tree",
    "bc_gradient_boosting",
    "bc_linear_svc",
    "bc_logistic_regression",
    "bc_naive_bayes",
    "bc_random_forest",
    "df_decision_tree",
    "df_gradient_boosting",
    "df_linear_svc",
    "df_logistic_regression",
    "df_naive_bayes",
    "df_random_forest"
  ],
  "n_members": 12,
  "n_folds": 15,
  "status": "ok",
  "aggregate": {
    "macro_f1_mean": 0.6900415903963514,
    "macro_f1_std": 0.009383396764100249,
    "accuracy_mean": 0.6994918280455981,
    "accuracy_std": 0.00909362761032091,
    "precision_macro_mean": 0.6939302545590771,
    "precision_macro_std": 0.009181084669620863,
    "recall_macro_mean": 0.700050719086165,
    "recall_macro_std": 0.010436962205217061,
    "confusion_matrix_sum": [
      [
        5104,
        1815,
        44
      ],
      [
        3676,
        13308,
        1667
      ],
      [
        426,
        3312,
        7053
      ]
    ],
    "labels": [
      2,
      3,
      4
    ]
  },
  "folds": [
    {
      "fold_id": "r1_f1",
      "n_test": 2427,
      "macro_f1": 0.6915734904663623,
      "accuracy": 0.7012772970745776,
      "precision_macro": 0.6914009089289644,
      "recall_macro": 0.7040138607138005,
      "confusion_matrix": [
        [
          341,
          121,
          3
        ],
        [
          241,
          877,
          125
        ],
        [
          40,
          195,
          484
        ]
      ],
      "labels": [
        2,
        3,
        4
      ]
    },
    {
      "fold_id": "r1_f2",
      "n_test": 2427,
      "macro_f1": 0.6802964793960715,
      "accuracy": 0.6901524515863205,
      "precision_macro": 0.6820838722117021,
      "recall_macro": 0.6895003198059749,
      "confusion_matrix": [
        [
          328,
          128,
          8
        ],
        [
          253,
          872,
          119
        ],
        [
          23,
          221,
          475
        ]
      ],
      "labels": [
        2,
        3,
        4
      ]
    },
    {
      "fold_id": "r1_f3",
      "n_test": 2427,
      "macro_f1": 0.6876847358162416,
      "accuracy": 0.6934487021013597,
      "precision_macro": 0.6879760646596411,
      "recall_macro": 0.7057440435205481,
      "confusion_matrix": [
        [
          358,
          102,
          4
        ],
        [
          279,
          847,
          118
        ],
        [
          28,
          213,
          478
        ]
      ],
      "labels": [
        2,
        3,
        4
      ]
    },
    {
      "fold_id": "r1_f4",
      "n_test": 2427,
      "macro_f1": 0.6882204105418391,
      "accuracy": 0.6967449526163988,
      "precision_macro": 0.6952132255009259,
      "recall_macro": 0.6971756009900654,
      "confusion_matrix": [
        [
          344,
          119,
          1
        ],
        [
          249,
          891,
          103
        ],
        [
          21,
          243,
          456
        ]
      ],
      "labels": [
        2,
        3,
        4
      ]
    },
    {
      "fold_id": "r1_f5",
      "n_test": 2427,
      "macro_f1": 0.7013357452721309,
      "accuracy": 0.7119901112484549,
      "precision_macro": 0.7079501641638938,
      "recall_macro": 0.7086561885768478,
      "confusion_matrix": [
        [
          344,
          118,
          2
        ],
        [
          223,
          920,
          100
        ],
        [
          30,
          226,
          464
        ]
      ],
      "labels": [
        2,
        3,
        4
      ]
    },
    {
      "fold_id": "r2_f1",
      "n_test": 2427,
      "macro_f1": 0.6822707672735854,
      "accuracy": 0.6913885455294603,
      "precision_macro": 0.6844394348762709,
      "recall_macro": 0.6929891701182115,
      "confusion_matrix": [
        [
          336,
          124,
          5
        ],
        [
          255,
          870,
          118
        ],
        [
          28,
          219,
          472
        ]
      ],
      "labels": [
        2,
        3,
        4
      ]
    },
    {
      "fold_id": "r2_f2",
      "n_test": 2427,
      "macro_f1": 0.7023918489422684,
      "accuracy": 0.7111660486196951,
      "precision_macro": 0.7027051885516421,
      "recall_macro": 0.7139355601369654,
      "confusion_matrix": [
        [
          348,
          110,
          6
        ],
        [
          235,
          894,
          115
        ],
        [
          27,
          208,
          484
        ]
      ],
      "labels": [
        2,
        3,
        4
      ]
    },
    {
      "fold_id": "r2_f3",
      "n_test": 2427,
      "macro_f1": 0.6879076216001212,
      "accuracy": 0.7008652657601978,
      "precision_macro": 0.7006797635960779,
      "recall_macro": 0.6903426890781184,
      "confusion_matrix": [
        [
          327,
          135,
          2
        ],
        [
          225,
          928,
          91
        ],
        [
          25,
          248,
          446
        ]
      ],
      "labels": [
        2,
        3,
        4
      ]
    },
    {
      "fold_id": "r2_f4",
      "n_test": 2427,
      "macro_f1": 0.6838660750238358,
      "accuracy": 0.6930366707869798,
      "precision_macro": 0.6871347795076609,
      "recall_macro": 0.6937661633114791,
      "confusion_matrix": [
        [
          334,
          130,
          0
        ],
        [
          253,
          874,
          116
        ],
        [
          29,
          217,
          474
        ]
      ],
      "labels": [
        2,
        3,
        4
      ]
    },
    {
      "fold_id": "r2_f5",
      "n_test": 2427,
      "macro_f1": 0.6953745078173346,
      "accuracy": 0.7033374536464772,
      "precision_macro": 0.6960390789102983,
      "recall_macro": 0.7078080931376629,
      "confusion_matrix": [
        [
          349,
          114,
          1
        ],
        [
          240,
          881,
          122
        ],
        [
          30,
          213,
          477
        ]
      ],
      "labels": [
        2,
        3,
        4
      ]
    },
    {
      "fold_id": "r3_f1",
      "n_test": 2427,
      "macro_f1": 0.6825104491113821,
      "accuracy": 0.6909765142150803,
      "precision_macro": 0.6840133914830187,
      "recall_macro": 0.6938936324181716,
      "confusion_matrix": [
        [
          336,
          127,
          2
        ],
        [
          259,
          863,
          121
        ],
        [
          28,
          213,
          478
        ]
      ],
      "labels": [
        2,
        3,
        4
      ]
    },
    {
      "fold_id": "r3_f2",
      "n_test": 2427,
      "macro_f1": 0.6989144077229995,
      "accuracy": 0.7082818294190358,
      "precision_macro": 0.7002150368843024,
      "recall_macro": 0.7077694288876474,
      "confusion_matrix": [
        [
          335,
          125,
          4
        ],
        [
          240,
          892,
          112
        ],
        [
          21,
          206,
          492
        ]
      ],
      "labels": [
        2,
        3,
        4
      ]
    },
    {
      "fold_id": "r3_f3",
      "n_test": 2427,
      "macro_f1": 0.7022617542709818,
      "accuracy": 0.7111660486196951,
      "precision_macro": 0.707840202086048,
      "recall_macro": 0.71264771332431,
      "confusion_matrix": [
        [
          356,
          107,
          1
        ],
        [
          230,
          911,
          103
        ],
        [
          29,
          231,
          459
        ]
      ],
      "labels": [
        2,
        3,
        4
      ]
    },
    {
      "fold_id": "r3_f4",
      "n_test": 2427,
      "macro_f1": 0.6958755485784748,
      "accuracy": 0.7058096415327565,
      "precision_macro": 0.7002060697444775,
      "recall_macro": 0.7060230136786437,