{
  "aggregate": {
    "accuracy_mean": 0.7033649224007691,
    "accuracy_std": 0.0069287565167946265,
    "confusion_matrix_sum": [
      [
        3658,
        3242,
        63
      ],
      [
        2180,
        15283,
        1188
      ],
      [
        157,
        3969,
        6665
      ]
    ],
    "labels": [
      2,
      3,
      4
    ],
    "macro_f1_mean": 0.6732750782145236,
    "macro_f1_std": 0.0075889324109546154,
    "precision_macro_mean": 0.710760650560776,
    "precision_macro_std": 0.008862317661366973,
    "recall_macro_mean": 0.6541392153091369,
    "recall_macro_std": 0.007800369082740042
  },
  "algorithm": "random_forest",
  "checkpoint": {
    "checkpoint_dir": "experiments/df_random_forest/checkpoints/f1ad16b24de54183",
    "completed_folds": 15,
    "signature_id": "f1ad16b24de54183",
    "total_folds": 15
  },
  "folds": [
    {
      "accuracy": 0.7119901112484549,
      "algorithm": "random_forest",
      "confusion_matrix": [
        [
          242,
          219,
          4
        ],
        [
          130,
          1031,
          82
        ],
        [
          11,
          253,
          455
        ]
      ],
      "elapsed_seconds": 53.849,
      "fold_id": "r1_f1",
      "inner_best_macro_f1": 0.6664624228879664,
      "labels": [
        2,
        3,
        4
      ],
      "macro_f1": 0.6812957847842208,
      "model_id": "df_random_forest",
      "n_test": 2427,
      "n_train": 9708,
      "outer_fold": 1,
      "precision_macro": 0.7196167721869887,
      "recall_macro": 0.6608994549014965,
      "repeat_seed": 1,
      "representation": "DF"
    },
    {
      "accuracy": 0.6975690152451587,
      "algorithm": "random_forest",
      "confusion_matrix": [
        [
          235,
          223,
          6
        ],
        [
          139,
          1021,
          84
        ],
        [
          15,
          267,
          437
        ]
      ],
      "elapsed_seconds": 53.192,
      "fold_id": "r1_f2",
      "inner_best_macro_f1": 0.6772222310347421,
      "labels": [
        2,
        3,
        4
      ],
      "macro_f1": 0.6645463093118902,
      "model_id": "df_random_forest",
      "n_test": 2427,
      "n_train": 9708,
      "outer_fold": 2,
      "precision_macro": 0.7030155237654406,
      "recall_macro": 0.6449978874506058,
      "repeat_seed": 1,
      "representation": "DF"
    },
    {
      "accuracy": 0.7058096415327565,
      "algorithm": "random_forest",
      "confusion_matrix": [
        [
          269,
          191,
          4
        ],
        [
          172,
          994,
          78
        ],
        [
          10,
          259,
          450
        ]
      ],
      "elapsed_seconds": 53.418,
      "fold_id": "r1_f3",
      "inner_best_macro_f1": 0.6651231928987356,
      "labels": [
        2,
        3,
        4
      ],
      "macro_f1": 0.682328645280497,
      "model_id": "df_random_forest",
      "n_test": 2427,
      "n_train": 9708,
      "outer_fold": 3,
      "precision_macro": 0.7102275469277699,
      "recall_macro": 0.6682153373167848,
      "repeat_seed": 1,
      "representation": "DF"
    },
    {
      "accuracy": 0.7049855789039967,
      "algorithm": "random_forest",
      "confusion_matrix": [
        [
          241,
          220,
          3
        ],
        [
          153,
          1018,
          72
        ],
        [
          5,
          263,
          452
        ]
      ],
      "elapsed_seconds": 53.632,
      "fold_id": "r1_f4",
      "inner_best_macro_f1": 0.6729054686343922,
      "labels": [
        2,
        3,
        4
      ],
      "macro_f1": 0.6751463882653986,
      "model_id": "df_random_forest",
      "n_test": 2427,
      "n_train": 9708,
      "outer_fold": 4,
      "precision_macro": 0.7133031860670741,
      "recall_macro": 0.6553868843043392,
      "repeat_seed": 1,
      "representation": "DF"
    },
    {
      "accuracy": 0.7066337041615163,
      "algorithm": "random_forest",
      "confusion_matrix": [
        [
          238,
          221,
          5
        ],
        [
          127,
          1035,
          81
        ],
        [
          10,
          268,
          442
        ]
      ],
      "elapsed_seconds": 53.15,
      "fold_id": "r1_f5",
      "inner_best_macro_f1": 0.6695957006757474,
      "labels": [
        2,
        3,
        4
      ],
      "macro_f1": 0.6745926818223958,
      "model_id": "df_random_forest",
      "n_test": 2427,
      "n_train": 9708,
      "outer_fold": 5,
      "precision_macro": 0.7169739123518651,
      "recall_macro": 0.6531609452268592,
      "repeat_seed": 1,
      "representation": "DF"
    },
    {
      "accuracy": 0.700041203131438,
      "algorithm": "random_forest",
      "confusion_matrix": [
        [
          236,
          222,
          7
        ],
        [
          143,
          1010,
          90
        ],
        [
          9,
          257,
          453
        ]
      ],
      "elapsed_seconds": 53.669,
      "fold_id": "r2_f1",
      "inner_best_macro_f1": 0.6707930851253815,
      "labels": [
        2,
        3,
        4
      ],
      "macro_f1": 0.6688914017719391,
      "model_id": "df_random_forest",
      "n_test": 2427,
      "n_train": 9708,
      "outer_fold": 1,
      "precision_macro": 0.7033971251008908,
      "recall_macro": 0.6500396293049283,
      "repeat_seed": 2,
      "representation": "DF"
    },
    {
      "accuracy": 0.715286361763494,
      "algorithm": "random_forest",
      "confusion_matrix": [
        [
          249,
          209,
          6
        ],
        [
          131,
          1035,
          78
        ],
        [
          11,
          256,
          452
        ]
      ],
      "elapsed_seconds": 53.143,
      "fold_id": "r2_f2",
      "inner_best_macro_f1": 0.6705400947101583,
      "labels": [
        2,
        3,
        4
      ],
      "macro_f1": 0.6857160144310148,
      "model_id": "df_random_forest",
      "n_test": 2427,
      "n_train": 9708,
      "outer_fold": 2,
      "precision_macro": 0.7233707421969436,
      "recall_macro": 0.6657608013998985,
      "repeat_seed": 2,
      "representation": "DF"
    },
    {
      "accuracy": 0.6996291718170581,
      "algorithm": "random_forest",
      "confusion_matrix": [
        [
          248,
          214,
          2
        ],
        [
          147,
          1032,
          65
        ],
        [
          5,
          296,
          418
        ]
      ],
      "elapsed_seconds": 53.178,
      "fold_id": "r2_f3",
      "inner_best_macro_f1": 0.6692929912737436,
      "labels": [
        2,
        3,
        4
      ],
      "macro_f1": 0.6697577753827998,
      "model_id": "df_random_forest",
      "n_test": 2427,
      "n_train": 9708,
      "outer_fold": 3,
      "precision_macro": 0.7170387901640659,
      "recall_macro": 0.6484759187874277,
      "repeat_seed": 2,
      "representation": "DF"
    },
    {
      "accuracy": 0.6955088586732592,
      "algorithm": "random_forest",
      "confusion_matrix": [
        [
          239,
          222,
          3
        ],
        [
          160,
          1002,
          81
        ],
        [
          12,
          261,
          447
        ]
      ],
      "elapsed_seconds": 53.631,
      "fold_id": "r2_f4",
      "inner_best_macro_f1": 0.6706428203716451,
      "labels": [
        2,
        3,
        4
      ],
      "macro_f1": 0.6651727057398907,
      "model_id": "df_random_forest",
      "n_test": 2427,
      "n_train": 9708,
      "outer_fold": 4,
      "precision_macro": 0.6993546333890266,
      "recall_macro": 0.6473445933241478,
      "repeat_seed": 2,
      "representation": "DF"
    },
    {
      "accuracy": 0.7058096415327565,
      "algorithm": "random_forest",