{
  "aggregate": {
    "accuracy_mean": 0.6977612965252027,
    "accuracy_std": 0.008834159297000427,
    "confusion_matrix_sum": [
      [
        5303,
        1530,
        130
      ],
      [
        4086,
        12715,
        1850
      ],
      [
        440,
        2967,
        7384
      ]
    ],
    "labels": [
      2,
      3,
      4
    ],
    "macro_f1_mean": 0.6907864040640452,
    "macro_f1_std": 0.009293633138701542,
    "precision_macro_mean": 0.6899265015778687,
    "precision_macro_std": 0.00820071322283598,
    "recall_macro_mean": 0.7092042996419724,
    "recall_macro_std": 0.014999607249758231
  },
  "algorithm": "gradient_boosting",
  "checkpoint": {
    "checkpoint_dir": "experiments/df_gradient_boosting/checkpoints/c2605ed322b1465b",
    "completed_folds": 15,
    "signature_id": "c2605ed322b1465b",
    "total_folds": 15
  },
  "folds": [
    {
      "accuracy": 0.7021013597033374,
      "algorithm": "gradient_boosting",
      "confusion_matrix": [
        [
          358,
          101,
          6
        ],
        [
          270,
          841,
          132
        ],
        [
          40,
          174,
          505
        ]
      ],
      "elapsed_seconds": 122.457,
      "fold_id": "r1_f1",
      "inner_best_macro_f1": 0.6893364491367063,
      "labels": [
        2,
        3,
        4
      ],
      "macro_f1": 0.6955070323948679,
      "model_id": "df_gradient_boosting",
      "n_test": 2427,
      "n_train": 9708,
      "outer_fold": 1,
      "precision_macro": 0.6916311331806083,
      "recall_macro": 0.7162819219797205,
      "repeat_seed": 1,
      "representation": "DF"
    },
    {
      "accuracy": 0.6856201071281417,
      "algorithm": "gradient_boosting",
      "confusion_matrix": [
        [
          372,
          80,
          12
        ],
        [
          323,
          775,
          146
        ],
        [
          36,
          166,
          517
        ]
      ],
      "elapsed_seconds": 126.006,
      "fold_id": "r1_f2",
      "inner_best_macro_f1": 0.6889139271837216,
      "labels": [
        2,
        3,
        4
      ],
      "macro_f1": 0.6828904039187496,
      "model_id": "df_gradient_boosting",
      "n_test": 2427,
      "n_train": 9708,
      "outer_fold": 2,
      "precision_macro": 0.6779592000460645,
      "recall_macro": 0.7145895778771885,
      "repeat_seed": 1,
      "representation": "DF"
    },
    {
      "accuracy": 0.6843840131850021,
      "algorithm": "gradient_boosting",
      "confusion_matrix": [
        [
          393,
          61,
          10
        ],
        [
          340,
          768,
          136
        ],
        [
          36,
          183,
          500
        ]
      ],
      "elapsed_seconds": 118.131,
      "fold_id": "r1_f3",
      "inner_best_macro_f1": 0.6870382767419269,
      "labels": [
        2,
        3,
        4
      ],
      "macro_f1": 0.6836404609350719,
      "model_id": "df_gradient_boosting",
      "n_test": 2427,
      "n_train": 9708,
      "outer_fold": 3,
      "precision_macro": 0.6813134682255817,
      "recall_macro": 0.7199187982481531,
      "repeat_seed": 1,
      "representation": "DF"
    },
    {
      "accuracy": 0.6971569839307787,
      "algorithm": "gradient_boosting",
      "confusion_matrix": [
        [
          364,
          92,
          8
        ],
        [
          275,
          852,
          116
        ],
        [
          33,
          211,
          476
        ]
      ],
      "elapsed_seconds": 119.413,
      "fold_id": "r1_f4",
      "inner_best_macro_f1": 0.6900899408787667,
      "labels": [
        2,
        3,
        4
      ],
      "macro_f1": 0.6908831172560337,
      "model_id": "df_gradient_boosting",
      "n_test": 2427,
      "n_train": 9708,
      "outer_fold": 4,
      "precision_macro": 0.690887445887446,
      "recall_macro": 0.7103441083605868,
      "repeat_seed": 1,
      "representation": "DF"
    },
    {
      "accuracy": 0.703749484960857,
      "algorithm": "gradient_boosting",
      "confusion_matrix": [
        [
          325,
          132,
          7
        ],
        [
          234,
          892,
          117
        ],
        [
          23,
          206,
          491
        ]
      ],
      "elapsed_seconds": 130.313,
      "fold_id": "r1_f5",
      "inner_best_macro_f1": 0.6927854083967291,
      "labels": [
        2,
        3,
        4
      ],
      "macro_f1": 0.6927954871171442,
      "model_id": "df_gradient_boosting",
      "n_test": 2427,
      "n_train": 9708,
      "outer_fold": 5,
      "precision_macro": 0.693998826586204,
      "recall_macro": 0.6999980478161741,
      "repeat_seed": 1,
      "representation": "DF"
    },
    {
      "accuracy": 0.6872682323856613,
      "algorithm": "gradient_boosting",
      "confusion_matrix": [
        [
          352,
          105,
          8
        ],
        [
          290,
          818,
          135
        ],
        [
          29,
          192,
          498
        ]
      ],
      "elapsed_seconds": 131.608,
      "fold_id": "r2_f1",
      "inner_best_macro_f1": 0.6921312999806548,
      "labels": [
        2,
        3,
        4
      ],
      "macro_f1": 0.6819598543881827,
      "model_id": "df_gradient_boosting",
      "n_test": 2427,
      "n_train": 9708,
      "outer_fold": 1,
      "precision_macro": 0.6783778424576665,
      "recall_macro": 0.7025677252567218,
      "repeat_seed": 2,
      "representation": "DF"
    },
    {
      "accuracy": 0.7008652657601978,
      "algorithm": "gradient_boosting",
      "confusion_matrix": [
        [
          364,
          90,
          10
        ],
        [
          266,
          845,
          133
        ],
        [
          24,
          203,
          492
        ]
      ],
      "elapsed_seconds": 119.042,
      "fold_id": "r2_f2",
      "inner_best_macro_f1": 0.6866917346611512,
      "labels": [
        2,
        3,
        4
      ],
      "macro_f1": 0.6957954047606639,
      "model_id": "df_gradient_boosting",
      "n_test": 2427,
      "n_train": 9708,
      "outer_fold": 2,
      "precision_macro": 0.6913029429551583,
      "recall_macro": 0.7160089787268756,
      "repeat_seed": 2,
      "representation": "DF"
    },
    {
      "accuracy": 0.7008652657601978,
      "algorithm": "gradient_boosting",
      "confusion_matrix": [
        [
          318,
          137,
          9
        ],
        [
          235,
          913,
          96
        ],
        [
          20,
          229,
          470
        ]
      ],
      "elapsed_seconds": 125.001,
      "fold_id": "r2_f3",
      "inner_best_macro_f1": 0.6893121805495029,
      "labels": [
        2,
        3,
        4
      ],
      "macro_f1": 0.6878262903471253,
      "model_id": "df_gradient_boosting",
      "n_test": 2427,
      "n_train": 9708,
      "outer_fold": 3,
      "precision_macro": 0.6954013543355426,
      "recall_macro": 0.6909844439053945,
      "repeat_seed": 2,
      "representation": "DF"
    },
    {
      "accuracy": 0.695920889987639,
      "algorithm": "gradient_boosting",
      "confusion_matrix": [
        [
          348,
          111,
          5
        ],
        [
          277,
          847,
          119
        ],
        [
          30,
          196,
          494
        ]
      ],
      "elapsed_seconds": 119.625,
      "fold_id": "r2_f4",
      "inner_best_macro_f1": 0.6932985826400127,
      "labels": [
        2,
        3,
        4
      ],
      "macro_f1": 0.6890387296814794,
      "model_id": "df_gradient_boosting",
      "n_test": 2427,
      "n_train": 9708,
      "outer_fold": 4,
      "precision_macro": 0.6882064216307237,
      "recall_macro": 0.7058423467715503,
      "repeat_seed": 2,
      "representation": "DF"
    },
    {
      "accuracy": 0.7107540173053152,
      "algorithm": "gradient_boosting",